Cancer id,Cancer label,Population id,Country label,Sex,Type,Year,ASR (World),Crude rate,Cumulative risk,Total
11,Lung,10000,Bulgaria,1,1,2000,37.6786073,61.13868296,,2383
11,Lung,10000,Bulgaria,1,1,2001,38.06106642,62.38918477,,2410
11,Lung,10000,Bulgaria,1,1,2002,39.75160354,65.01536347,,2490
11,Lung,10000,Bulgaria,1,1,2003,41.14806129,68.0514411,,2585
11,Lung,10000,Bulgaria,1,1,2004,40.56315341,69.27719554,,2611
11,Lung,10000,Bulgaria,1,1,2005,44.20283721,75.54832687,,2826
11,Lung,10000,Bulgaria,1,1,2006,43.54324082,74.77751871,,2777
11,Lung,10000,Bulgaria,1,1,2007,43.50875339,75.7619102,,2794
11,Lung,10000,Bulgaria,1,1,2008,44.67672959,78.54125655,,2877
11,Lung,10000,Bulgaria,1,1,2009,41.65334876,74.11323799,,2697
11,Lung,10000,Bulgaria,1,1,2010,41.89385267,75.36718339,,2725
11,Lung,10000,Bulgaria,1,1,2011,41.62399442,75.2895726,,2705
11,Lung,10000,Bulgaria,1,1,2012,43.92026923,80.91611948,,2889
11,Lung,10000,Bulgaria,1,1,2013,44.38324451,83.40001483,,2959
11,Lung,10000,Bulgaria,1,1,2014,40.90374468,77.89723975,,2746
11,Lung,10000,Bulgaria,1,1,2015,40.69480085,77.59234689,,2717
11,Lung,10000,Bulgaria,1,1,2016,38.78549142,76.26808635,,2652
11,Lung,10000,Bulgaria,1,1,2017,38.37420391,75.8703142,,2619
11,Lung,10000,Bulgaria,1,1,2018,36.93680631,74.13701162,,2540
11,Lung,12400,Canada,1,1,2000,43.2043707,63.67342607,,9648
11,Lung,12400,Canada,1,1,2001,43.17490314,64.91143684,,9931
11,Lung,12400,Canada,1,1,2002,43.00772705,65.98989536,,10195
11,Lung,12400,Canada,1,1,2003,41.38492198,65.38258424,,10203
11,Lung,12400,Canada,1,1,2004,39.83757567,64.2748386,,10136
11,Lung,12400,Canada,1,1,2005,39.34300268,64.49491152,,10284
11,Lung,12400,Canada,1,1,2006,37.6871058,63.3033044,,10213
11,Lung,12400,Canada,1,1,2007,37.30586591,63.91665254,,10439
11,Lung,12400,Canada,1,1,2008,35.68163244,62.50153064,,10336
11,Lung,12400,Canada,1,1,2009,35.28715382,63.14667931,,10572
11,Lung,12400,Canada,1,1,2010,33.9916726,62.1598356,,10531
11,Lung,12400,Canada,1,1,2011,32.72941705,61.36574768,,10515
11,Lung,12400,Canada,1,1,2012,32.08233843,61.87384697,,10718
11,Lung,12400,Canada,1,1,2013,30.14630535,59.5600202,,10426
11,Lung,12400,Canada,1,1,2014,30.23492161,61.79770421,,10929
11,Lung,12400,Canada,1,1,2015,28.47912696,59.66702675,,10659
11,Lung,12400,Canada,1,1,2016,27.03587645,58.09192336,,10481
11,Lung,12400,Canada,1,1,2017,26.37885394,58.38674519,,10637
11,Lung,15200,Chile,1,1,2000,18.61329339,16.86502614,,1273
11,Lung,15200,Chile,1,1,2001,19.19711825,17.40885502,,1329
11,Lung,15200,Chile,1,1,2002,18.60784896,17.48058961,,1349
11,Lung,15200,Chile,1,1,2003,17.27794156,16.7978071,,1310
11,Lung,15200,Chile,1,1,2004,18.62464278,18.52755199,,1460
11,Lung,15200,Chile,1,1,2005,18.1985824,18.56113527,,1478
11,Lung,15200,Chile,1,1,2006,18.23865947,19.13603534,,1540
11,Lung,15200,Chile,1,1,2007,17.5559038,18.88274626,,1536
11,Lung,15200,Chile,1,1,2008,16.23788166,17.70784584,,1456
11,Lung,15200,Chile,1,1,2009,17.0515596,19.07312093,,1585
11,Lung,15200,Chile,1,1,2010,17.40298828,20.13814218,,1691
11,Lung,15200,Chile,1,1,2011,17.17299184,20.30408252,,1722
11,Lung,15200,Chile,1,1,2012,16.22359925,19.61959016,,1680
11,Lung,15200,Chile,1,1,2013,16.62719298,20.92048274,,1809
11,Lung,15200,Chile,1,1,2014,16.29882202,20.91575299,,1828
11,Lung,15200,Chile,1,1,2015,15.79525402,20.85971418,,1845
11,Lung,15200,Chile,1,1,2016,15.31384534,20.91406628,,1875
11,Lung,15200,Chile,1,1,2017,14.77858335,20.85245083,,1897
11,Lung,15200,Chile,1,1,2018,14.6890588,21.2279117,,1959
11,Lung,17000,Colombia,1,1,2000,13.34117586,9.126329244,,1773
11,Lung,17000,Colombia,1,1,2001,13.4517804,9.523275184,,1879
11,Lung,17000,Colombia,1,1,2002,13.50361245,9.664239076,,1936
11,Lung,17000,Colombia,1,1,2003,13.24050783,9.758689833,,1984
11,Lung,17000,Colombia,1,1,2004,13.94683636,10.59602315,,2185
11,Lung,17000,Colombia,1,1,2005,13.70003191,10.75063446,,2247
11,Lung,17000,Colombia,1,1,2006,13.40447628,10.87769232,,2303
11,Lung,17000,Colombia,1,1,2007,13.19859435,10.94980074,,2347
11,Lung,17000,Colombia,1,1,2008,12.64494594,10.78524118,,2339
11,Lung,17000,Colombia,1,1,2009,12.38326305,10.72560154,,2352
11,Lung,17000,Colombia,1,1,2010,11.9935817,10.71316173,,2374
11,Lung,17000,Colombia,1,1,2011,11.5516131,10.61494167,,2375
11,Lung,17000,Colombia,1,1,2012,10.80258123,10.33000421,,2332
11,Lung,17000,Colombia,1,1,2013,11.23989865,11.01842271,,2510
11,Lung,17000,Colombia,1,1,2014,11.30600652,11.3848526,,2620
11,Lung,17000,Colombia,1,1,2015,10.93896935,11.39604516,,2654
11,Lung,17000,Colombia,1,1,2016,10.7985618,11.48269251,,2712
11,Lung,17000,Colombia,1,1,2017,10.65501158,11.62146972,,2788
11,Lung,18800,Costa Rica,1,1,2000,10.91508714,8.29709848,,165
11,Lung,18800,Costa Rica,1,1,2001,10.74348863,8.49761227,,172
11,Lung,18800,Costa Rica,1,1,2002,9.321878344,7.534589844,,155
11,Lung,18800,Costa Rica,1,1,2003,9.942072688,8.33155769,,174
11,Lung,18800,Costa Rica,1,1,2004,8.967721361,7.787742942,,165
11,Lung,18800,Costa Rica,1,1,2005,8.480540853,7.679469195,,165
11,Lung,18800,Costa Rica,1,1,2006,7.848857383,7.299491239,,159
11,Lung,18800,Costa Rica,1,1,2007,7.354014343,7.066811264,,156
11,Lung,18800,Costa Rica,1,1,2008,6.513031658,6.17060378,,138
11,Lung,18800,Costa Rica,1,1,2009,6.676790143,6.755417249,,153
11,Lung,18800,Costa Rica,1,1,2010,7.889216238,8.068824896,,185
11,Lung,18800,Costa Rica,1,1,2011,8.291638747,8.619883399,,200
11,Lung,18800,Costa Rica,1,1,2012,7.645274546,8.392853719,,197
11,Lung,18800,Costa Rica,1,1,2013,7.097474805,8.088266579,,192
11,Lung,18800,Costa Rica,1,1,2014,6.295532389,7.458594384,,179
11,Lung,18800,Costa Rica,1,1,2015,6.52321332,7.709655209,,187
11,Lung,18800,Costa Rica,1,1,2016,5.97881179,7.589857176,,186
11,Lung,18800,Costa Rica,1,1,2017,6.155575306,7.797239454,,193
11,Lung,19100,Croatia,1,1,2000,59.6726286,93.82416507,,2000
11,Lung,19100,Croatia,1,1,2001,63.53804097,101.8703414,,2161
11,Lung,19100,Croatia,1,1,2002,60.78012022,99.36734861,,2102
11,Lung,19100,Croatia,1,1,2003,60.0140827,99.88184593,,2110
11,Lung,19100,Croatia,1,1,2004,59.28441854,100.585795,,2123
11,Lung,19100,Croatia,1,1,2005,57.89216996,98.94157182,,2086
11,Lung,19100,Croatia,1,1,2006,58.74092297,101.8931704,,2145
11,Lung,19100,Croatia,1,1,2007,57.92305229,103.2646869,,2170
11,Lung,19100,Croatia,1,1,2008,56.17628902,102.0123474,,2139
11,Lung,19100,Croatia,1,1,2009,56.48563509,104.0531474,,2176
11,Lung,19100,Croatia,1,1,2010,54.14856172,101.6019334,,2118
11,Lung,19100,Croatia,1,1,2011,53.55587563,101.2176454,,2102
11,Lung,19100,Croatia,1,1,2012,52.22326195,101.861906,,2106
11,Lung,19100,Croatia,1,1,2013,51.65912654,101.5904495,,2090
11,Lung,19100,Croatia,1,1,2014,50.80198523,101.3454909,,2074
11,Lung,19100,Croatia,1,1,2015,50.94306195,103.2227002,,2101
11,Lung,19100,Croatia,1,1,2016,50.78683089,104.834853,,2122
11,Lung,19100,Croatia,1,1,2017,50.86509368,106.42648,,2142
11,Lung,19200,Cuba,1,1,2000,36.21533754,45.89787309,,2546
11,Lung,19200,Cuba,1,1,2001,35.69358392,46.07520645,,2564
11,Lung,19200,Cuba,1,1,2002,37.9215884,49.80182278,,2780
11,Lung,19200,Cuba,1,1,2003,39.27834885,52.18548375,,2921
11,Lung,19200,Cuba,1,1,2004,38.84445981,52.94055448,,2969
11,Lung,19200,Cuba,1,1,2005,38.15831156,53.28497127,,2991
11,Lung,19200,Cuba,1,1,2006,37.68066972,54.08587126,,3035
11,Lung,19200,Cuba,1,1,2007,39.32952585,57.63735043,,3230
11,Lung,19200,Cuba,1,1,2008,39.23991391,59.0978092,,3306
11,Lung,19200,Cuba,1,1,2009,38.55190763,59.16288015,,3305
11,Lung,19200,Cuba,1,1,2010,37.60376634,58.85073083,,3286
11,Lung,19200,Cuba,1,1,2011,36.0551465,57.14633435,,3193
11,Lung,19200,Cuba,1,1,2012,35.82086923,58.73365102,,3287
11,Lung,19200,Cuba,1,1,2013,34.94302873,58.87610823,,3302
11,Lung,19200,Cuba,1,1,2014,35.68518093,61.39127578,,3450
11,Lung,19200,Cuba,1,1,2015,35.80828082,62.88481187,,3539
11,Lung,19200,Cuba,1,1,2016,34.75699718,62.07463516,,3496
11,Lung,19200,Cuba,1,1,2017,34.60184071,64.24690695,,3619
11,Lung,20300,Czechia,1,1,2000,62.23955584,89.50120857,,4480
11,Lung,20300,Czechia,1,1,2001,58.62550549,86.33440794,,4314
11,Lung,20300,Czechia,1,1,2002,57.08059373,85.85241605,,4282
11,Lung,20300,Czechia,1,1,2003,55.08795605,84.85293763,,4227
11,Lung,20300,Czechia,1,1,2004,55.80641043,87.2075932,,4346
11,Lung,20300,Czechia,1,1,2005,52.53465992,83.45745211,,4170
11,Lung,20300,Czechia,1,1,2006,49.94062377,81.11112284,,4074
11,Lung,20300,Czechia,1,1,2007,48.223834,79.68341652,,4032
11,Lung,20300,Czechia,1,1,2008,45.54979036,76.98264108,,3928
11,Lung,20300,Czechia,1,1,2009,45.07707884,77.34950833,,3977
11,Lung,20300,Czechia,1,1,2010,44.25139401,77.55946225,,4011
11,Lung,20300,Czechia,1,1,2011,41.99432445,75.3586908,,3911
11,Lung,20300,Czechia,1,1,2012,40.15922192,73.96277547,,3845
11,Lung,20300,Czechia,1,1,2013,38.14346387,71.92552968,,3741
11,Lung,20300,Czechia,1,1,2014,35.94201092,68.95556344,,3588
11,Lung,20300,Czechia,1,1,2015,34.64727609,68.4970954,,3568
11,Lung,20300,Czechia,1,1,2016,34.28955559,69.32310719,,3618
11,Lung,20300,Czechia,1,1,2017,33.46718293,69.55255289,,3639
11,Lung,20300,Czechia,1,1,2018,30.479933,64.88013757,,3404
11,Lung,20800,Denmark,1,1,2000,44.0529375,75.5610798,,1997
11,Lung,20800,Denmark,1,1,2001,41.91514573,73.79870639,,1957
11,Lung,20800,Denmark,1,1,2002,39.81775623,70.23697082,,1868
11,Lung,20800,Denmark,1,1,2003,40.46202424,72.32821487,,1929
11,Lung,20800,Denmark,1,1,2004,40.82300157,74.49581695,,1993
11,Lung,20800,Denmark,1,1,2005,38.98949306,72.61685448,,1950
11,Lung,20800,Denmark,1,1,2006,40.8429156,77.00358547,,2077
11,Lung,20800,Denmark,1,1,2007,35.31161783,67.91207802,,1841
11,Lung,20800,Denmark,1,1,2008,36.76929161,71.76306741,,1956
11,Lung,20800,Denmark,1,1,2009,34.00930174,68.47968175,,1877
11,Lung,20800,Denmark,1,1,2010,33.94543103,69.98555664,,1929
11,Lung,20800,Denmark,1,1,2011,31.59187921,65.84668006,,1825
11,Lung,20800,Denmark,1,1,2012,32.82704798,70.32931703,,1960
11,Lung,20800,Denmark,1,1,2013,31.62015445,68.24184453,,1912
11,Lung,20800,Denmark,1,1,2014,31.90563109,69.96044216,,1970
11,Lung,20800,Denmark,1,1,2015,29.44014648,66.95399617,,1894
11,Lung,20800,Denmark,1,1,2016,28.42210889,66.25825016,,1882
11,Lung,20800,Denmark,1,1,2017,28.1526783,66.82449642,,1905
11,Lung,20800,Denmark,1,1,2018,24.7616986,60.23858395,,1723
11,Lung,21800,Ecuador,1,1,2000,6.530517628,4.524631671,,288
11,Lung,21800,Ecuador,1,1,2001,6.480000526,4.582461393,,297
11,Lung,21800,Ecuador,1,1,2002,7.22764958,5.200950788,,343
11,Lung,21800,Ecuador,1,1,2003,6.318120709,4.666535069,,313
11,Lung,21800,Ecuador,1,1,2004,6.493349124,4.853457832,,331
11,Lung,21800,Ecuador,1,1,2005,6.874483077,5.249739027,,364
11,Lung,21800,Ecuador,1,1,2006,6.349407589,5.106823397,,360
11,Lung,21800,Ecuador,1,1,2007,6.154573658,4.995254508,,358
11,Lung,21800,Ecuador,1,1,2008,6.452523644,5.380808906,,392
11,Lung,21800,Ecuador,1,1,2009,6.333262278,5.267973007,,390
11,Lung,21800,Ecuador,1,1,2010,6.667274195,5.677924959,,427
11,Lung,21800,Ecuador,1,1,2011,6.487880622,5.736319467,,438
11,Lung,21800,Ecuador,1,1,2012,6.183872444,5.600348306,,434
11,Lung,21800,Ecuador,1,1,2013,5.18625897,4.742494018,,373
11,Lung,21800,Ecuador,1,1,2014,5.151577737,4.808365956,,384
11,Lung,21800,Ecuador,1,1,2015,5.312642341,5.015428913,,407
11,Lung,21800,Ecuador,1,1,2016,4.805054821,4.604255738,,380
11,Lung,21800,Ecuador,1,1,2017,5.269988763,5.179164566,,435
11,Lung,23300,Estonia,1,1,2000,60.57851161,86.73545227,,566
11,Lung,23300,Estonia,1,1,2001,57.84407437,84.87003025,,551
11,Lung,23300,Estonia,1,1,2002,58.77257605,86.87868168,,560
11,Lung,23300,Estonia,1,1,2003,60.01797595,90.42241975,,578
11,Lung,23300,Estonia,1,1,2004,53.11703486,80.58360825,,511
11,Lung,23300,Estonia,1,1,2005,51.0698339,79.36684307,,500
11,Lung,23300,Estonia,1,1,2006,56.45612649,89.63832054,,562
11,Lung,23300,Estonia,1,1,2007,55.93243499,90.75063742,,567
11,Lung,23300,Estonia,1,1,2008,53.83830835,89.69717975,,559
11,Lung,23300,Estonia,1,1,2009,46.2349277,76.54899135,,476
11,Lung,23300,Estonia,1,1,2010,48.18913309,81.56606852,,506
11,Lung,23300,Estonia,1,1,2011,46.29216259,79.69041969,,493
11,Lung,23300,Estonia,1,1,2012,47.98392059,84.13823961,,519
11,Lung,23300,Estonia,1,1,2013,44.01261443,78.65570254,,484
11,Lung,23300,Estonia,1,1,2014,47.81424639,86.71206713,,533
11,Lung,23300,Estonia,1,1,2015,44.25723085,82.24633264,,506
11,Lung,23300,Estonia,1,1,2016,40.16023412,76.48109199,,472
11,Lung,23300,Estonia,1,1,2017,40.1258249,76.43040963,,474
11,Lung,23300,Estonia,1,1,2018,41.89131286,80.97594453,,505
11,Lung,24600,Finland,1,1,2000,33.21080773,54.9637563,,1392
11,Lung,24600,Finland,1,1,2001,32.46234053,55.51209514,,1410
11,Lung,24600,Finland,1,1,2002,31.07314819,54.28604625,,1383
11,Lung,24600,Finland,1,1,2003,30.63714219,54.89700453,,1403
11,Lung,24600,Finland,1,1,2004,29.15160264,53.77394432,,1379
11,Lung,24600,Finland,1,1,2005,29.45457348,54.89497693,,1413
11,Lung,24600,Finland,1,1,2006,29.18153615,56.64643801,,1464
11,Lung,24600,Finland,1,1,2007,28.83650021,56.2463931,,1460
11,Lung,24600,Finland,1,1,2008,26.66622673,53.14967424,,1386
11,Lung,24600,Finland,1,1,2009,26.73425032,54.64979291,,1432
11,Lung,24600,Finland,1,1,2010,28.07659871,58.7468875,,1547
11,Lung,24600,Finland,1,1,2011,25.78868501,54.21708824,,1435
11,Lung,24600,Finland,1,1,2012,25.09201153,53.97485734,,1436
11,Lung,24600,Finland,1,1,2013,25.31460199,56.20836962,,1503
11,Lung,24600,Finland,1,1,2014,22.48887964,51.4048296,,1381
11,Lung,24600,Finland,1,1,2015,22.92318915,54.04774217,,1458
11,Lung,24600,Finland,1,1,2016,22.84444974,54.93076581,,1487
11,Lung,24600,Finland,1,1,2017,22.14882292,55.02938768,,1494
11,Lung,24600,Finland,1,1,2018,21.11967099,53.68386706,,1461
11,Lung,25000,France,1,1,2000,45.2728258,71.91154583,,20585
11,Lung,25000,France,1,1,2001,44.53064476,71.69792801,,20643
11,Lung,25000,France,1,1,2002,44.08184632,72.02911557,,20875
11,Lung,25000,France,1,1,2003,43.31959226,71.93936727,,20996
11,Lung,25000,France,1,1,2004,43.38200816,72.80260603,,21398
11,Lung,25000,France,1,1,2005,43.50850475,74.0145097,,21901
11,Lung,25000,France,1,1,2006,42.67174237,74.00397719,,22036
11,Lung,25000,France,1,1,2007,42.1935951,73.92804502,,22144
11,Lung,25000,France,1,1,2008,40.92510456,73.54199989,,22153
11,Lung,25000,France,1,1,2009,40.91577882,73.90827813,,22387
11,Lung,25000,France,1,1,2010,39.61340159,72.99759191,,22234
11,Lung,25000,France,1,1,2011,39.22514751,73.05776438,,22377
11,Lung,25000,France,1,1,2012,37.94222636,72.44053194,,22311
11,Lung,25000,France,1,1,2013,37.23227508,71.66977462,,22190
11,Lung,25000,France,1,1,2014,36.93973404,72.35912112,,22509
11,Lung,25000,France,1,1,2015,36.59622462,72.77441041,,22728
11,Lung,25000,France,1,1,2016,35.02197601,71.25110486,,22322
11,Lung,27600,Germany,1,1,2000,42.10899542,73.52075492,,29144
11,Lung,27600,Germany,1,1,2001,40.12846131,71.95704262,,28564
11,Lung,27600,Germany,1,1,2002,39.50014326,72.282644,,28742
11,Lung,27600,Germany,1,1,2003,38.45462288,72.00128109,,28677
11,Lung,27600,Germany,1,1,2004,37.57057511,72.28549349,,28820
11,Lung,27600,Germany,1,1,2005,36.7913185,72.67990289,,28980
11,Lung,27600,Germany,1,1,2006,36.00799957,72.54469301,,28898
11,Lung,27600,Germany,1,1,2007,35.30123655,73.28848024,,29143
11,Lung,27600,Germany,1,1,2008,35.08783275,74.34594092,,29505
11,Lung,27600,Germany,1,1,2009,33.99156289,73.57586368,,29158
11,Lung,27600,Germany,1,1,2010,33.37424982,74.15921133,,29381
11,Lung,27600,Germany,1,1,2011,33.02536289,74.77412933,,29653
11,Lung,27600,Germany,1,1,2012,32.54665205,74.7730674,,29713
11,Lung,27600,Germany,1,1,2013,32.0715606,74.52843106,,29708
11,Lung,27600,Germany,1,1,2014,31.24855957,73.85329518,,29560
11,Lung,27600,Germany,1,1,2015,30.54300011,73.03495256,,29378
11,Lung,27600,Germany,1,1,2016,29.96821232,72.46885043,,29324
11,Lung,27600,Germany,1,1,2017,28.7603894,70.42857695,,28691
11,Lung,27600,Germany,1,1,2018,28.17997365,69.16052557,,28365
11,Lung,30000,Greece,1,1,2000,49.15194565,85.77909659,,4725
11,Lung,30000,Greece,1,1,2001,48.64723737,86.35367842,,4777
11,Lung,30000,Greece,1,1,2002,46.42240694,86.05500136,,4778
11,Lung,30000,Greece,1,1,2003,47.24719607,86.88548418,,4836
11,Lung,30000,Greece,1,1,2004,48.11712283,90.45852072,,5037
11,Lung,30000,Greece,1,1,2005,47.64130156,91.11987095,,5063
11,Lung,30000,Greece,1,1,2006,47.29761306,92.24695124,,5100
11,Lung,30000,Greece,1,1,2007,47.64638286,94.50965599,,5186
11,Lung,30000,Greece,1,1,2008,48.33652237,97.84330985,,5321
11,Lung,30000,Greece,1,1,2009,48.01835568,99.09048626,,5341
11,Lung,30000,Greece,1,1,2010,47.02251087,98.40044588,,5263
11,Lung,30000,Greece,1,1,2011,48.00116046,100.9577727,,5367
11,Lung,30000,Greece,1,1,2012,48.3042551,103.4562593,,5474
11,Lung,30000,Greece,1,1,2013,49.46663343,107.4105909,,5662
11,Lung,30000,Greece,1,1,2014,49.92207874,109.0065158,,5726
11,Lung,30000,Greece,1,1,2015,48.43083192,109.7870838,,5745
11,Lung,30000,Greece,1,1,2016,46.75632847,108.4634498,,5652
11,Lung,30000,Greece,1,1,2017,46.60324991,110.6342019,,5740
11,Lung,3200,Argentina,1,1,2000,35.30468589,37.35737766,,6685
11,Lung,3200,Argentina,1,1,2001,32.88349289,35.1563096,,6360
11,Lung,3200,Argentina,1,1,2002,32.33865602,34.68413003,,6344
11,Lung,3200,Argentina,1,1,2003,32.34210789,34.893256,,6453
11,Lung,3200,Argentina,1,1,2004,31.52455135,34.18854437,,6392
11,Lung,3200,Argentina,1,1,2005,31.0021238,33.74544546,,6377
11,Lung,3200,Argentina,1,1,2006,31.29469276,34.5413086,,6596
11,Lung,3200,Argentina,1,1,2007,30.30826931,33.73214634,,6508
11,Lung,3200,Argentina,1,1,2008,29.72156992,33.29237586,,6489
11,Lung,3200,Argentina,1,1,2009,28.83978899,32.67286479,,6434
11,Lung,3200,Argentina,1,1,2010,28.16903393,32.13267004,,6394
11,Lung,3200,Argentina,1,1,2011,28.09931018,32.28031807,,6492
11,Lung,3200,Argentina,1,1,2012,27.15015129,31.59058134,,6422
11,Lung,3200,Argentina,1,1,2013,26.02829842,30.5945851,,6287
11,Lung,3200,Argentina,1,1,2014,25.32586731,30.12009618,,6256
11,Lung,3200,Argentina,1,1,2015,26.14567395,31.2780651,,6565
11,Lung,3200,Argentina,1,1,2016,24.69804638,29.75157646,,6309
11,Lung,3200,Argentina,1,1,2017,24.02392636,29.30932925,,6278
11,Lung,3200,Argentina,1,1,2018,22.83212545,28.21325933,,6103
11,Lung,34800,Hungary,1,1,2000,80.12244451,117.7796227,,5727
11,Lung,34800,Hungary,1,1,2001,78.81330259,118.4597224,,5741
11,Lung,34800,Hungary,1,1,2002,77.27719949,117.1807564,,5661
11,Lung,34800,Hungary,1,1,2003,79.26482014,121.4467634,,5849
11,Lung,34800,Hungary,1,1,2004,78.78932202,121.8850527,,5852
11,Lung,34800,Hungary,1,1,2005,71.66379465,111.4886599,,5336
11,Lung,34800,Hungary,1,1,2006,71.84891336,113.1897263,,5400
11,Lung,34800,Hungary,1,1,2007,73.49484992,117.3635614,,5581
11,Lung,34800,Hungary,1,1,2008,73.24277922,118.0810407,,5597
11,Lung,34800,Hungary,1,1,2009,73.76630718,120.3607818,,5687
11,Lung,34800,Hungary,1,1,2010,73.58563014,121.8774089,,5741
11,Lung,34800,Hungary,1,1,2011,70.34250481,118.3438504,,5558
11,Lung,34800,Hungary,1,1,2012,72.12367549,123.0627966,,5763
11,Lung,34800,Hungary,1,1,2013,66.91340445,116.0149445,,5418
11,Lung,34800,Hungary,1,1,2014,66.24868749,117.1324952,,5456
11,Lung,34800,Hungary,1,1,2015,64.37661406,115.2641995,,5356
11,Lung,34800,Hungary,1,1,2016,65.54901919,119.5330404,,5542
11,Lung,34800,Hungary,1,1,2017,62.46042344,116.5596384,,5393
11,Lung,34800,Hungary,1,1,2018,61.57520639,115.6655708,,5341
11,Lung,35200,Iceland,1,1,2000,26.22228722,37.05313562,,52
11,Lung,35200,Iceland,1,1,2001,30.51361836,40.26276754,,57
11,Lung,35200,Iceland,1,1,2002,25.13596868,35.01179898,,50
11,Lung,35200,Iceland,1,1,2003,25.97198079,40.22916753,,58
11,Lung,35200,Iceland,1,1,2004,23.03368246,37.02611713,,54
11,Lung,35200,Iceland,1,1,2005,34.1172238,49.35567185,,73
11,Lung,35200,Iceland,1,1,2006,28.34182295,39.21464368,,59
11,Lung,35200,Iceland,1,1,2007,31.26050284,48.24398417,,74
11,Lung,35200,Iceland,1,1,2008,24.41458147,39.63510136,,62
11,Lung,35200,Iceland,1,1,2009,24.38234581,39.57783641,,63
11,Lung,35200,Iceland,1,1,2010,27.27984418,43.99499325,,71
11,Lung,35200,Iceland,1,1,2011,25.75206322,44.19780975,,72
11,Lung,35200,Iceland,1,1,2012,24.21439985,40.89055977,,67
11,Lung,35200,Iceland,1,1,2013,23.36659329,40.13475548,,66
11,Lung,35200,Iceland,1,1,2014,22.12940512,40.61270632,,67
11,Lung,35200,Iceland,1,1,2015,15.83488797,28.97063705,,48
11,Lung,35200,Iceland,1,1,2016,23.27638164,44.40603922,,74
11,Lung,35200,Iceland,1,1,2017,21.55794275,38.14951032,,64
11,Lung,35200,Iceland,1,1,2018,19.03797879,37.28031244,,63
11,Lung,3600,Australia,1,1,2000,32.19025417,48.49293992,,4594
11,Lung,3600,Australia,1,1,2001,31.77779026,48.62677649,,4657
11,Lung,3600,Australia,1,1,2002,30.96332035,48.74832805,,4719
11,Lung,3600,Australia,1,1,2003,28.90698229,46.01211329,,4505
11,Lung,3600,Australia,1,1,2004,29.35397431,47.72818767,,4734
11,Lung,3600,Australia,1,1,2005,28.18607664,46.65310635,,4698
11,Lung,3600,Australia,1,1,2006,27.08192392,45.54839121,,4668
11,Lung,3600,Australia,1,1,2007,26.59401579,45.17797596,,4721
11,Lung,3600,Australia,1,1,2008,27.16449101,47.14855781,,5028
11,Lung,3600,Australia,1,1,2009,24.97513664,43.7785504,,4762
11,Lung,3600,Australia,1,1,2010,24.93596569,44.54223579,,4935
11,Lung,3600,Australia,1,1,2011,24.41885661,44.04311148,,4962
11,Lung,3600,Australia,1,1,2012,23.13245693,42.68188378,,4883
11,Lung,3600,Australia,1,1,2013,23.06208768,43.03307524,,4994
11,Lung,3600,Australia,1,1,2014,22.07693477,42.05562953,,4948
11,Lung,3600,Australia,1,1,2015,21.6111681,41.85200357,,4991
11,Lung,3600,Australia,1,1,2016,20.94680458,41.57087603,,5024
11,Lung,3600,Australia,1,1,2017,20.03559857,40.12694915,,4913
11,Lung,3600,Australia,1,1,2018,19.98484111,40.31655146,,4999
11,Lung,37200,Ireland,1,1,2000,40.10864547,52.16778137,,981
11,Lung,37200,Ireland,1,1,2001,37.67964994,48.8045756,,933
11,Lung,37200,Ireland,1,1,2002,36.76620183,47.51650492,,925
11,Lung,37200,Ireland,1,1,2003,37.74108138,49.37390861,,980
11,Lung,37200,Ireland,1,1,2004,36.65349369,48.58390747,,984
11,Lung,37200,Ireland,1,1,2005,33.75998665,45.17937518,,934
11,Lung,37200,Ireland,1,1,2006,33.56424534,45.66134346,,964
11,Lung,37200,Ireland,1,1,2007,34.36291134,47.30228572,,1020
11,Lung,37200,Ireland,1,1,2008,31.8599907,45.05872639,,991
11,Lung,37200,Ireland,1,1,2009,33.2538409,47.54392894,,1063
11,Lung,37200,Ireland,1,1,2010,29.24270699,42.46684184,,961
11,Lung,37200,Ireland,1,1,2011,31.9336006,47.79013417,,1089
11,Lung,37200,Ireland,1,1,2012,30.54165902,46.96360386,,1073
11,Lung,37200,Ireland,1,1,2013,29.93210369,46.97718851,,1074
11,Lung,37200,Ireland,1,1,2014,28.80541892,46.36692039,,1062
11,Lung,37200,Ireland,1,1,2015,27.34029649,45.29772287,,1043
11,Lung,37600,Israel,1,1,2000,27.09705525,30.41136231,,891
11,Lung,37600,Israel,1,1,2001,27.43159376,31.24013282,,933
11,Lung,37600,Israel,1,1,2002,28.60268905,32.09847391,,976
11,Lung,37600,Israel,1,1,2003,26.81597306,30.75741094,,952
11,Lung,37600,Israel,1,1,2004,28.40069753,32.4638578,,1024
11,Lung,37600,Israel,1,1,2005,25.59322533,29.80778635,,960
11,Lung,37600,Israel,1,1,2006,27.5110926,32.52593959,,1072
11,Lung,37600,Israel,1,1,2007,25.77175847,30.93092311,,1045
11,Lung,37600,Israel,1,1,2008,25.13413233,30.76637126,,1066
11,Lung,37600,Israel,1,1,2009,24.44661741,30.37154429,,1078
11,Lung,37600,Israel,1,1,2010,27.04945704,33.95578252,,1232
11,Lung,37600,Israel,1,1,2011,24.6269532,31.99936866,,1184
11,Lung,37600,Israel,1,1,2012,24.01798823,31.2782862,,1178
11,Lung,37600,Israel,1,1,2013,24.73189445,32.43819245,,1242
11,Lung,37600,Israel,1,1,2014,24.79112225,32.94466171,,1282
11,Lung,37600,Israel,1,1,2015,24.15972729,31.79711319,,1258
11,Lung,37600,Israel,1,1,2016,23.12309958,31.40934527,,1264
11,Lung,37600,Israel,1,1,2017,21.57920984,30.06588116,,1231
11,Lung,37600,Israel,1,1,2018,21.35994035,29.91046545,,1246
11,Lung,38000,Italy,1,1,2000,46.83580069,92.95920839,,25503
11,Lung,38000,Italy,1,1,2001,46.17862021,93.70135157,,25800
11,Lung,38000,Italy,1,1,2002,44.9816404,92.9929849,,25765
11,Lung,38000,Italy,1,1,2003,43.8103096,92.52764995,,25833
11,Lung,38000,Italy,1,1,2004,41.86232843,90.0284577,,25322
11,Lung,38000,Italy,1,1,2005,40.78078268,89.58240526,,25348
11,Lung,38000,Italy,1,1,2006,40.01245942,89.63023227,,25467
11,Lung,38000,Italy,1,1,2007,39.10251131,89.2404892,,25425
11,Lung,38000,Italy,1,1,2008,38.06239236,88.85944734,,25366
11,Lung,38000,Italy,1,1,2009,37.35078004,88.6030972,,25350
11,Lung,38000,Italy,1,1,2010,36.58040067,88.68632858,,25457
11,Lung,38000,Italy,1,1,2011,35.62686841,87.52913115,,25238
11,Lung,38000,Italy,1,1,2012,34.24177965,85.84753161,,24885
11,Lung,38000,Italy,1,1,2013,33.15603809,84.39419606,,24599
11,Lung,38000,Italy,1,1,2014,32.00719576,82.54537051,,24177
11,Lung,38000,Italy,1,1,2015,31.42440547,83.02680097,,24405
11,Lung,38000,Italy,1,1,2016,30.19940582,81.67704958,,24059
11,Lung,38000,Italy,1,1,2017,29.37179576,81.1619372,,23928
11,Lung,39200,Japan,1,1,2000,31.09061889,62.3573124,,39051
11,Lung,39200,Japan,1,1,2001,30.54722583,63.65110917,,39903
11,Lung,39200,Japan,1,1,2002,30.28600584,65.56674406,,41144
11,Lung,39200,Japan,1,1,2003,29.46982939,66.28652436,,41632
11,Lung,39200,Japan,1,1,2004,30.09133976,69.87088071,,43915
11,Lung,39200,Japan,1,1,2005,29.87912778,71.85748416,,45188
11,Lung,39200,Japan,1,1,2006,29.323297,73.0250018,,45938
11,Lung,39200,Japan,1,1,2007,29.31597448,75.78568523,,47682
11,Lung,39200,Japan,1,1,2008,29.02059106,77.2555485,,48605
11,Lung,39200,Japan,1,1,2009,28.40841792,77.95012925,,49031
11,Lung,39200,Japan,1,1,2010,28.43932005,80.14376701,,50390
11,Lung,39200,Japan,1,1,2011,27.86222408,80.81311682,,50780
11,Lung,39200,Japan,1,1,2012,27.49358113,81.82050244,,51371
11,Lung,39200,Japan,1,1,2013,27.19663447,82.98753599,,52049
11,Lung,39200,Japan,1,1,2014,26.7272359,83.81656644,,52500
11,Lung,39200,Japan,1,1,2015,26.38464201,85.07158471,,53201
11,Lung,39200,Japan,1,1,2016,25.18212034,83.99416982,,52428
11,Lung,39200,Japan,1,1,2017,24.52126426,85.09330729,,52998
11,Lung,39200,Japan,1,1,2018,23.61644901,84.34244122,,52399
11,Lung,4000,Austria,1,1,2000,36.98888092,58.34433833,,2285
11,Lung,4000,Austria,1,1,2001,35.62284073,57.4220403,,2258
11,Lung,4000,Austria,1,1,2002,36.32508433,60.56081389,,2393
11,Lung,4000,Austria,1,1,2003,34.72522043,58.88139942,,2339
11,Lung,4000,Austria,1,1,2004,34.16482232,58.07519423,,2319
11,Lung,4000,Austria,1,1,2005,33.33236723,57.75089549,,2317
11,Lung,4000,Austria,1,1,2006,32.94481196,58.42785872,,2354
11,Lung,4000,Austria,1,1,2007,30.95225006,55.5321905,,2246
11,Lung,4000,Austria,1,1,2008,32.1449399,58.765882,,2386
11,Lung,4000,Austria,1,1,2009,31.60876852,58.51224404,,2386
11,Lung,4000,Austria,1,1,2010,30.91050574,58.2144037,,2386
11,Lung,4000,Austria,1,1,2011,29.42063709,56.32126113,,2322
11,Lung,4000,Austria,1,1,2012,28.87673495,56.17283013,,2331
11,Lung,4000,Austria,1,1,2013,28.96001909,57.68493213,,2411
11,Lung,4000,Austria,1,1,2014,28.50901351,58.15816647,,2450
11,Lung,4000,Austria,1,1,2015,27.09153583,56.39430446,,2396
11,Lung,4000,Austria,1,1,2016,26.87833765,56.31870182,,2415
11,Lung,4000,Austria,1,1,2017,26.10199761,55.47098143,,2402
11,Lung,4000,Austria,1,1,2018,26.51124158,56.7939571,,2483
11,Lung,41000,Republic of Korea,1,1,2000,43.19475989,36.29072984,,8627
11,Lung,41000,Republic of Korea,1,1,2001,42.85200812,37.23341209,,8912
11,Lung,41000,Republic of Korea,1,1,2002,42.54111195,38.46724473,,9264
11,Lung,41000,Republic of Korea,1,1,2003,41.2918454,38.60985524,,9349
11,Lung,41000,Republic of Korea,1,1,2004,41.57197481,40.52670912,,9860
11,Lung,41000,Republic of Korea,1,1,2005,40.95825408,41.53340326,,10147
11,Lung,41000,Republic of Korea,1,1,2006,40.29318908,42.80902066,,10495
11,Lung,41000,Republic of Korea,1,1,2007,38.68759848,43.0521182,,10585
11,Lung,41000,Republic of Korea,1,1,2008,37.98485195,44.20940729,,10899
11,Lung,41000,Republic of Korea,1,1,2009,36.09591566,44.04458532,,10892
11,Lung,41000,Republic of Korea,1,1,2010,36.11169364,45.98659597,,11416
11,Lung,41000,Republic of Korea,1,1,2011,34.47039287,46.1160119,,11503
11,Lung,41000,Republic of Korea,1,1,2012,34.58263667,48.54125069,,12175
11,Lung,41000,Republic of Korea,1,1,2013,33.75377216,49.62682955,,12519
11,Lung,41000,Republic of Korea,1,1,2014,32.99662536,50.41649705,,12785
11,Lung,41000,Republic of Korea,1,1,2015,31.15454944,49.78005204,,12677
11,Lung,41000,Republic of Korea,1,1,2016,31.01774804,52.15755441,,13323
11,Lung,41000,Republic of Korea,1,1,2017,29.26492138,51.85166751,,13272
11,Lung,41000,Republic of Korea,1,1,2018,27.54067871,51.45467039,,13187
11,Lung,41700,Kyrgyzstan,1,1,2000,20.36034313,12.41272559,,302
11,Lung,41700,Kyrgyzstan,1,1,2001,19.43643548,12.17778755,,299
11,Lung,41700,Kyrgyzstan,1,1,2002,22.43420279,13.96075531,,345
11,Lung,41700,Kyrgyzstan,1,1,2003,22.18126264,13.88987863,,345
11,Lung,41700,Kyrgyzstan,1,1,2004,20.9085116,12.97278598,,324
11,Lung,41700,Kyrgyzstan,1,1,2005,20.45659263,12.32245724,,310
11,Lung,41700,Kyrgyzstan,1,1,2006,20.05039668,12.32702778,,313
11,Lung,41700,Kyrgyzstan,1,1,2007,17.49103293,10.63465519,,273
11,Lung,41700,Kyrgyzstan,1,1,2008,17.2858276,10.19282909,,265
11,Lung,41700,Kyrgyzstan,1,1,2009,21.22553386,12.66373758,,334
11,Lung,41700,Kyrgyzstan,1,1,2010,20.81221571,12.61345109,,338
11,Lung,41700,Kyrgyzstan,1,1,2011,19.49628103,11.80859225,,322
11,Lung,41700,Kyrgyzstan,1,1,2012,19.28408919,11.58808601,,322
11,Lung,41700,Kyrgyzstan,1,1,2013,21.05612899,12.73790957,,361
11,Lung,41700,Kyrgyzstan,1,1,2014,23.54261458,13.76633412,,398
11,Lung,41700,Kyrgyzstan,1,1,2015,18.9237969,11.56523402,,341
11,Lung,41700,Kyrgyzstan,1,1,2016,19.92940088,12.24333495,,368
11,Lung,42800,Latvia,1,1,2000,55.96429448,79.41071771,,870
11,Lung,42800,Latvia,1,1,2001,60.56479359,87.31327097,,946
11,Lung,42800,Latvia,1,1,2002,56.99255306,83.19723908,,891
11,Lung,42800,Latvia,1,1,2003,55.14901867,81.93467907,,867
11,Lung,42800,Latvia,1,1,2004,55.25207974,84.57007501,,884
11,Lung,42800,Latvia,1,1,2005,53.8637238,83.29305888,,860
11,Lung,42800,Latvia,1,1,2006,59.07579077,92.47047172,,943
11,Lung,42800,Latvia,1,1,2007,52.54265351,84.20141216,,848
11,Lung,42800,Latvia,1,1,2008,53.78605703,85.06282684,,846
11,Lung,42800,Latvia,1,1,2009,52.73109628,85.61957624,,841
11,Lung,42800,Latvia,1,1,2010,50.96398999,84.20379999,,817
11,Lung,42800,Latvia,1,1,2011,49.01204145,82.82480572,,794
11,Lung,42800,Latvia,1,1,2012,47.98523893,82.22408226,,779
11,Lung,42800,Latvia,1,1,2013,47.2343639,83.28715168,,780
11,Lung,42800,Latvia,1,1,2014,45.50250794,82.07564999,,760
11,Lung,42800,Latvia,1,1,2015,40.43975048,73.60272221,,674
11,Lung,42800,Latvia,1,1,2016,43.4758263,81.58587935,,739
11,Lung,42800,Latvia,1,1,2017,45.59201718,87.03598938,,780
11,Lung,42800,Latvia,1,1,2018,41.42564793,78.70144865,,698
11,Lung,44000,Lithuania,1,1,2000,54.32145545,71.87375113,,1178
11,Lung,44000,Lithuania,1,1,2001,55.49261154,75.33228127,,1223
11,Lung,44000,Lithuania,1,1,2002,55.01251365,76.31788295,,1227
11,Lung,44000,Lithuania,1,1,2003,53.74187491,76.22746325,,1213
11,Lung,44000,Lithuania,1,1,2004,51.19922828,74.67989338,,1175
11,Lung,44000,Lithuania,1,1,2005,50.0756061,74.15164913,,1152
11,Lung,44000,Lithuania,1,1,2006,53.6616445,80.24183544,,1229
11,Lung,44000,Lithuania,1,1,2007,53.15105085,81.56893537,,1230
11,Lung,44000,Lithuania,1,1,2008,49.85026195,77.92188533,,1156
11,Lung,44000,Lithuania,1,1,2009,49.88142499,78.70542252,,1149
11,Lung,44000,Lithuania,1,1,2010,48.60341236,77.54072801,,1115
11,Lung,44000,Lithuania,1,1,2011,50.22989595,82.42523383,,1169
11,Lung,44000,Lithuania,1,1,2012,46.63414681,78.47275874,,1099
11,Lung,44000,Lithuania,1,1,2013,45.18270668,76.52259368,,1059
11,Lung,44000,Lithuania,1,1,2014,45.23788525,78.69028936,,1076
11,Lung,44000,Lithuania,1,1,2015,45.85674718,81.32508034,,1098
11,Lung,44000,Lithuania,1,1,2016,42.21666479,77.40536612,,1031
11,Lung,44000,Lithuania,1,1,2017,39.081276,73.25733963,,962
11,Lung,44000,Lithuania,1,1,2018,38.40991954,71.92454953,,931
11,Lung,47000,Malta,1,1,2000,34.11311154,48.13995411,,94
11,Lung,47000,Malta,1,1,2001,39.57916477,58.47982954,,115
11,Lung,47000,Malta,1,1,2002,40.19684123,61.66381092,,122
11,Lung,47000,Malta,1,1,2003,35.47511261,53.80101669,,107
11,Lung,47000,Malta,1,1,2004,33.405678,53.55006931,,107
11,Lung,47000,Malta,1,1,2005,31.5617255,52.31949773,,105
11,Lung,47000,Malta,1,1,2006,33.60610046,58.06912708,,117
11,Lung,47000,Malta,1,1,2007,28.41928071,50.93941177,,103
11,Lung,47000,Malta,1,1,2008,34.50288458,63.05139181,,128
11,Lung,47000,Malta,1,1,2009,31.54998877,61.24208752,,125
11,Lung,47000,Malta,1,1,2010,32.20139396,59.3362126,,122
11,Lung,47000,Malta,1,1,2011,30.2692907,60.69159518,,126
11,Lung,47000,Malta,1,1,2012,31.97219556,68.56522505,,144
11,Lung,47000,Malta,1,1,2013,24.9303401,55.03447887,,117
11,Lung,47000,Malta,1,1,2014,31.12974743,66.04866205,,142
11,Lung,47000,Malta,1,1,2015,31.32821568,68.21188085,,148
11,Lung,47000,Malta,1,1,2016,27.04052554,60.42876959,,132
11,Lung,47000,Malta,1,1,2017,26.3031718,60.14626478,,132
11,Lung,48400,Mexico,1,1,2000,12.82579213,8.756532441,,4252
11,Lung,48400,Mexico,1,1,2001,12.83423527,8.919145115,,4389
11,Lung,48400,Mexico,1,1,2002,12.71304468,9.082722657,,4527
11,Lung,48400,Mexico,1,1,2003,12.53689677,9.089535611,,4588
11,Lung,48400,Mexico,1,1,2004,12.09793869,8.986025137,,4595
11,Lung,48400,Mexico,1,1,2005,12.07313519,9.240531161,,4790
11,Lung,48400,Mexico,1,1,2006,11.09092519,8.627394799,,4537
11,Lung,48400,Mexico,1,1,2007,10.06016975,8.034622197,,4289
11,Lung,48400,Mexico,1,1,2008,9.970535154,8.130958055,,4407
11,Lung,48400,Mexico,1,1,2009,9.416648256,7.837016946,,4312
11,Lung,48400,Mexico,1,1,2010,9.081701211,7.702534012,,4300
11,Lung,48400,Mexico,1,1,2011,8.568864633,7.42102587,,4201
11,Lung,48400,Mexico,1,1,2012,7.988226809,7.08841313,,4067
11,Lung,48400,Mexico,1,1,2013,7.722139608,6.998677649,,4068
11,Lung,48400,Mexico,1,1,2014,7.644372574,7.063760067,,4158
11,Lung,48400,Mexico,1,1,2015,7.526339384,7.096331619,,4229
11,Lung,48400,Mexico,1,1,2016,7.340662285,7.049614013,,4252
11,Lung,48400,Mexico,1,1,2017,7.119757691,6.952944787,,4243
11,Lung,52800,The Netherlands,1,1,2000,50.36518704,79.82263327,,6297
11,Lung,52800,The Netherlands,1,1,2001,50.15995341,80.68964379,,6403
11,Lung,52800,The Netherlands,1,1,2002,48.97928915,80.02432298,,6388
11,Lung,52800,The Netherlands,1,1,2003,45.62590447,76.66853066,,6156
11,Lung,52800,The Netherlands,1,1,2004,47.35318845,80.10673963,,6468
11,Lung,52800,The Netherlands,1,1,2005,45.29465642,78.35068059,,6359
11,Lung,52800,The Netherlands,1,1,2006,43.54497306,76.6932481,,6254
11,Lung,52800,The Netherlands,1,1,2007,42.77825168,78.00938701,,6389
11,Lung,52800,The Netherlands,1,1,2008,41.67160238,77.67238234,,6387
11,Lung,52800,The Netherlands,1,1,2009,40.7179751,77.86299457,,6427
11,Lung,52800,The Netherlands,1,1,2010,40.34040158,78.89523495,,6536
11,Lung,52800,The Netherlands,1,1,2011,39.33816032,79.21974446,,6586
11,Lung,52800,The Netherlands,1,1,2012,36.75305993,75.81197575,,6324
11,Lung,52800,The Netherlands,1,1,2013,35.22242313,74.26387946,,6215
11,Lung,52800,The Netherlands,1,1,2014,34.15238849,73.60323011,,6179
11,Lung,52800,The Netherlands,1,1,2015,32.97237457,72.93013967,,6141
11,Lung,52800,The Netherlands,1,1,2016,32.69679825,74.60056725,,6300
11,Lung,52800,The Netherlands,1,1,2017,31.13465485,72.48926653,,6139
11,Lung,52800,The Netherlands,1,1,2018,29.16347099,70.19475069,,5961
11,Lung,55400,New Zealand,1,1,2000,31.4225278,45.40695455,,860
11,Lung,55400,New Zealand,1,1,2001,29.99138781,43.87861953,,841
11,Lung,55400,New Zealand,1,1,2002,29.56479588,44.57892477,,866
11,Lung,55400,New Zealand,1,1,2003,28.36711065,43.03115953,,848
11,Lung,55400,New Zealand,1,1,2004,30.68244213,46.47725891,,929
11,Lung,55400,New Zealand,1,1,2005,27.47740823,42.65091216,,864
11,Lung,55400,New Zealand,1,1,2006,25.54986985,39.34694793,,807
11,Lung,55400,New Zealand,1,1,2007,25.68918628,41.63827328,,864
11,Lung,55400,New Zealand,1,1,2008,25.37437121,42.36736845,,889
11,Lung,55400,New Zealand,1,1,2009,24.40907971,41.33446701,,877
11,Lung,55400,New Zealand,1,1,2010,24.4460706,41.61689805,,893
11,Lung,55400,New Zealand,1,1,2011,23.68747935,41.87820767,,909
11,Lung,55400,New Zealand,1,1,2012,22.87124482,40.57683778,,891
11,Lung,55400,New Zealand,1,1,2013,21.18950177,38.90043245,,864
11,Lung,55400,New Zealand,1,1,2014,21.59846648,39.5887226,,889
11,Lung,55400,New Zealand,1,1,2015,22.19496489,42.00160338,,953
11,Lung,55400,New Zealand,1,1,2016,21.23852011,40.98618255,,939
11,Lung,5600,Belgium,1,1,2000,56.4258279,101.513063,,5111
11,Lung,5600,Belgium,1,1,2001,56.5824263,101.9892151,,5155
11,Lung,5600,Belgium,1,1,2002,53.92224403,99.54966378,,5056
11,Lung,5600,Belgium,1,1,2003,51.942932,97.0123144,,4955
11,Lung,5600,Belgium,1,1,2004,49.33895195,93.89720688,,4826
11,Lung,5600,Belgium,1,1,2005,51.02883711,97.36705039,,5038
11,Lung,5600,Belgium,1,1,2006,49.43119362,96.01978422,,5004
11,Lung,5600,Belgium,1,1,2007,47.60500842,93.56020875,,4913
11,Lung,5600,Belgium,1,1,2008,48.04089161,94.66801759,,5010
11,Lung,5600,Belgium,1,1,2009,46.30008721,92.03368568,,4908
11,Lung,5600,Belgium,1,1,2010,45.89386158,92.4429645,,4966
11,Lung,5600,Belgium,1,1,2011,43.93012548,90.11462529,,4874
11,Lung,5600,Belgium,1,1,2012,40.99891093,84.10574175,,4578
11,Lung,5600,Belgium,1,1,2013,40.34700301,83.93638072,,4597
11,Lung,5600,Belgium,1,1,2014,40.0684734,83.51631444,,4603
11,Lung,5600,Belgium,1,1,2015,36.92405051,78.18140465,,4338
11,Lung,5600,Belgium,1,1,2016,35.9858761,78.0669737,,4363
11,Lung,57800,Norway,1,1,2000,29.80998443,50.2913624,,1121
11,Lung,57800,Norway,1,1,2001,29.81910317,51.00085269,,1143
11,Lung,57800,Norway,1,1,2002,31.79360933,54.78004746,,1234
11,Lung,57800,Norway,1,1,2003,30.44724354,53.20386618,,1205
11,Lung,57800,Norway,1,1,2004,29.8146152,51.49917882,,1174
11,Lung,57800,Norway,1,1,2005,28.61836374,51.60457149,,1186
11,Lung,57800,Norway,1,1,2006,29.48586068,52.26218122,,1213
11,Lung,57800,Norway,1,1,2007,29.14157502,52.14275186,,1224
11,Lung,57800,Norway,1,1,2008,27.7859851,50.82093907,,1208
11,Lung,57800,Norway,1,1,2009,28.0873914,51.06043812,,1230
11,Lung,57800,Norway,1,1,2010,27.63826867,50.85074692,,1242
11,Lung,57800,Norway,1,1,2011,26.87030897,51.1373933,,1267
11,Lung,57800,Norway,1,1,2012,25.73456474,49.39813425,,1242
11,Lung,57800,Norway,1,1,2013,24.3666798,47.39442392,,1209
11,Lung,57800,Norway,1,1,2014,23.73890815,46.32859426,,1198
11,Lung,57800,Norway,1,1,2015,22.71340895,45.49503642,,1191
11,Lung,57800,Norway,1,1,2016,21.98269426,45.00694944,,1191
11,Lung,61600,Poland,1,1,2000,68.89072248,85.39286729,,15984
11,Lung,61600,Poland,1,1,2001,69.21095232,87.70576649,,16397
11,Lung,61600,Poland,1,1,2002,69.24304441,89.6044626,,16725
11,Lung,61600,Poland,1,1,2003,66.40494887,87.67103702,,16335
11,Lung,61600,Poland,1,1,2004,66.00677492,89.05246085,,16565
11,Lung,61600,Poland,1,1,2005,64.57832741,89.15324443,,16562
11,Lung,61600,Poland,1,1,2006,63.45670819,89.74749372,,16658
11,Lung,61600,Poland,1,1,2007,61.66011477,89.3805243,,16582
11,Lung,61600,Poland,1,1,2008,61.4550444,91.01020301,,16880
11,Lung,61600,Poland,1,1,2009,58.33348409,88.40529882,,16392
11,Lung,61600,Poland,1,1,2010,56.58330202,87.43703457,,16204
11,Lung,61600,Poland,1,1,2011,54.41387895,86.34111903,,15988
11,Lung,61600,Poland,1,1,2012,53.94147199,87.60817834,,16206
11,Lung,61600,Poland,1,1,2013,52.17338451,86.60614015,,16002
11,Lung,61600,Poland,1,1,2014,50.31751021,85.8680585,,15847
11,Lung,61600,Poland,1,1,2015,50.38961831,88.2081715,,16261
11,Lung,61600,Poland,1,1,2016,48.69470985,87.91151508,,16190
11,Lung,61600,Poland,1,1,2017,45.4714108,84.32247187,,15514
11,Lung,61600,Poland,1,1,2018,44.73778543,85.04202646,,15631
11,Lung,62000,Portugal,1,1,2000,28.14771414,47.0626237,,2337
11,Lung,62000,Portugal,1,1,2001,28.04994333,47.30744308,,2361
11,Lung,62000,Portugal,1,1,2002,28.57065944,48.89603205,,2453
11,Lung,62000,Portugal,1,1,2003,29.97790145,51.23091039,,2583
11,Lung,62000,Portugal,1,1,2004,29.73908701,51.4654216,,2606
11,Lung,62000,Portugal,1,1,2005,29.56769232,51.8704259,,2635
11,Lung,62000,Portugal,1,1,2006,29.2032037,52.27038304,,2661
11,Lung,62000,Portugal,1,1,2007,28.96887182,52.90033545,,2696
11,Lung,62000,Portugal,1,1,2008,27.31236934,51.39785887,,2619
11,Lung,62000,Portugal,1,1,2009,28.15309387,53.46752634,,2720
11,Lung,62000,Portugal,1,1,2010,29.31210293,57.3865344,,2910
11,Lung,62000,Portugal,1,1,2011,29.00521058,57.43335907,,2898
11,Lung,62000,Portugal,1,1,2012,28.35406471,57.04963997,,2860
11,Lung,62000,Portugal,1,1,2013,31.00476261,63.35708135,,3153
11,Lung,62000,Portugal,1,1,2014,29.16623559,62.41728546,,3084
11,Lung,62000,Portugal,1,1,2015,28.66278049,61.93523054,,3041
11,Lung,62000,Portugal,1,1,2016,29.09170754,64.278048,,3140
11,Lung,62000,Portugal,1,1,2017,29.58293509,66.51046163,,3236
11,Lung,62000,Portugal,1,1,2018,29.01685829,67.58829778,,3278
11,Lung,64200,Romania,1,1,2000,46.83083978,64.25817177,,6959
11,Lung,64200,Romania,1,1,2001,47.33751771,65.64475082,,7056
11,Lung,64200,Romania,1,1,2002,47.09031005,66.23241188,,7070
11,Lung,64200,Romania,1,1,2003,46.31785364,65.86305502,,6983
11,Lung,64200,Romania,1,1,2004,46.42081385,67.01085143,,7053
11,Lung,64200,Romania,1,1,2005,48.24944716,70.15324696,,7323
11,Lung,64200,Romania,1,1,2006,47.13572576,70.03829185,,7242
11,Lung,64200,Romania,1,1,2007,47.31250392,71.45821771,,7312
11,Lung,64200,Romania,1,1,2008,48.28601004,74.38075796,,7530
11,Lung,64200,Romania,1,1,2009,49.32731276,76.99773097,,7718
11,Lung,64200,Romania,1,1,2010,48.45185632,77.51495017,,7705
11,Lung,64200,Romania,1,1,2011,48.5111564,78.35139273,,7738
11,Lung,64200,Romania,1,1,2012,48.32650483,79.42230701,,7806
11,Lung,64200,Romania,1,1,2013,47.52192412,79.52024319,,7785
11,Lung,64200,Romania,1,1,2014,48.67319524,82.07491793,,8002
11,Lung,64200,Romania,1,1,2015,48.1967883,83.07334682,,8058
11,Lung,64200,Romania,1,1,2016,46.68392223,82.09274239,,7912
11,Lung,64200,Romania,1,1,2017,45.89978816,82.00391863,,7845
11,Lung,64200,Romania,1,1,2018,44.60206237,80.59262394,,7649
11,Lung,70200,Singapore,1,1,2000,40.9826054,39.27806669,,642
11,Lung,70200,Singapore,1,1,2001,38.60061169,37.97926212,,630
11,Lung,70200,Singapore,1,1,2002,38.53583316,38.47295612,,648
11,Lung,70200,Singapore,1,1,2003,35.11129438,36.44127281,,623
11,Lung,70200,Singapore,1,1,2004,37.16094366,40.4483994,,700
11,Lung,70200,Singapore,1,1,2005,34.79978737,38.67811842,,680
11,Lung,70200,Singapore,1,1,2006,33.29700794,38.99082569,,697
11,Lung,70200,Singapore,1,1,2007,33.87580863,38.5806815,,685
11,Lung,70200,Singapore,1,1,2008,35.47128163,42.26289517,,762
11,Lung,70200,Singapore,1,1,2009,32.19562572,40.11494558,,740
11,Lung,70200,Singapore,1,1,2010,29.93426678,38.31479392,,713
11,Lung,70200,Singapore,1,1,2011,28.67293814,38.76010493,,724
11,Lung,70200,Singapore,1,1,2012,29.44809981,41.16583342,,774
11,Lung,70200,Singapore,1,1,2013,28.79837344,42.55872575,,805
11,Lung,70200,Singapore,1,1,2014,27.93028702,43.52374094,,828
11,Lung,70200,Singapore,1,1,2015,26.46514285,43.0965216,,826
11,Lung,70200,Singapore,1,1,2016,24.66771154,41.40913364,,799
11,Lung,70200,Singapore,1,1,2017,23.48322643,41.36770695,,804
11,Lung,70300,Slovakia,1,1,2000,61.6156962,71.97696737,,1887
11,Lung,70300,Slovakia,1,1,2001,56.61804363,67.37811753,,1766
11,Lung,70300,Slovakia,1,1,2002,52.60789743,64.42507112,,1688
11,Lung,70300,Slovakia,1,1,2003,50.04488572,62.00683755,,1624
11,Lung,70300,Slovakia,1,1,2004,50.09657456,63.28951957,,1657
11,Lung,70300,Slovakia,1,1,2005,50.93069446,65.5211106,,1715
11,Lung,70300,Slovakia,1,1,2006,47.64847958,62.20497533,,1628
11,Lung,70300,Slovakia,1,1,2007,46.19884381,61.66804025,,1614
11,Lung,70300,Slovakia,1,1,2008,45.44575797,61.76798539,,1617
11,Lung,70300,Slovakia,1,1,2009,43.80957114,60.78201097,,1592
11,Lung,70300,Slovakia,1,1,2010,43.19827681,60.57986528,,1588
11,Lung,70300,Slovakia,1,1,2011,43.09842803,62.07343566,,1629
11,Lung,70300,Slovakia,1,1,2012,43.13161167,63.88806233,,1679
11,Lung,70300,Slovakia,1,1,2013,41.91400557,63.97500568,,1684
11,Lung,70300,Slovakia,1,1,2014,38.95167837,60.9460095,,1607
11,Lung,70500,Slovenia,1,1,2000,52.55057189,75.4112123,,733
11,Lung,70500,Slovenia,1,1,2001,51.41977955,76.0210637,,739
11,Lung,70500,Slovenia,1,1,2002,48.83094133,73.69257434,,716
11,Lung,70500,Slovenia,1,1,2003,49.76689538,77.62744182,,754
11,Lung,70500,Slovenia,1,1,2004,50.84183728,81.45148186,,792
11,Lung,70500,Slovenia,1,1,2005,50.05714742,82.52229127,,805
11,Lung,70500,Slovenia,1,1,2006,48.73037488,81.54453504,,800
11,Lung,70500,Slovenia,1,1,2007,49.08892303,84.15899171,,832
11,Lung,70500,Slovenia,1,1,2008,46.53722188,80.5263596,,803
11,Lung,70500,Slovenia,1,1,2009,41.05182288,72.90079525,,733
11,Lung,70500,Slovenia,1,1,2010,44.04237446,79.50766484,,805
11,Lung,70500,Slovenia,1,1,2011,41.71188454,76.72840307,,781
11,Lung,70500,Slovenia,1,1,2012,40.2273718,75.83919742,,775
11,Lung,70500,Slovenia,1,1,2013,36.66416187,71.52342953,,733
11,Lung,70500,Slovenia,1,1,2014,38.21147197,75.64495355,,777
11,Lung,70500,Slovenia,1,1,2015,39.86998757,81.22411346,,836
11,Lung,70500,Slovenia,1,1,2016,38.06043639,78.74932113,,812
11,Lung,70500,Slovenia,1,1,2017,35.64855382,75.43756694,,779
11,Lung,70500,Slovenia,1,1,2018,32.67144865,72.25608252,,747
11,Lung,72400,Spain,1,1,2000,45.56109897,77.22606875,,15477
11,Lung,72400,Spain,1,1,2001,46.33079913,80.05684262,,16254
11,Lung,72400,Spain,1,1,2002,44.78234075,77.57401444,,15995
11,Lung,72400,Spain,1,1,2003,45.00994452,78.84582716,,16537
11,Lung,72400,Spain,1,1,2004,44.44355671,78.00602892,,16651
11,Lung,72400,Spain,1,1,2005,43.09533629,76.65832161,,16647
11,Lung,72400,Spain,1,1,2006,42.85324358,76.49722927,,16894
11,Lung,72400,Spain,1,1,2007,42.38955686,76.59695678,,17194
11,Lung,72400,Spain,1,1,2008,41.47318637,75.35704368,,17163
11,Lung,72400,Spain,1,1,2009,41.02088084,75.09222959,,17296
11,Lung,72400,Spain,1,1,2010,40.34193696,74.59433001,,17303
11,Lung,72400,Spain,1,1,2011,39.70937763,75.32158666,,17512
11,Lung,72400,Spain,1,1,2012,39.49335316,76.20186759,,17683
11,Lung,72400,Spain,1,1,2013,38.3222192,76.08621546,,17577
11,Lung,72400,Spain,1,1,2014,37.14954224,74.86138118,,17212
11,Lung,72400,Spain,1,1,2015,36.43799269,75.31339891,,17259
11,Lung,72400,Spain,1,1,2016,36.3877887,77.00163397,,17624
11,Lung,72400,Spain,1,1,2017,34.82375738,75.4192411,,17268
11,Lung,75200,Sweden,1,1,2000,20.81973635,40.20707326,,1766
11,Lung,75200,Sweden,1,1,2001,20.53277826,40.95957633,,1803
11,Lung,75200,Sweden,1,1,2002,20.18170107,40.15647663,,1773
11,Lung,75200,Sweden,1,1,2003,20.56007803,40.83171266,,1810
11,Lung,75200,Sweden,1,1,2004,20.13239703,40.91972641,,1823
11,Lung,75200,Sweden,1,1,2005,20.89714284,43.23875692,,1938
11,Lung,75200,Sweden,1,1,2006,19.85928328,42.04382615,,1898
11,Lung,75200,Sweden,1,1,2007,18.57485655,39.26128152,,1787
11,Lung,75200,Sweden,1,1,2008,19.16439471,41.28606978,,1896
11,Lung,75200,Sweden,1,1,2009,17.83268546,39.48447516,,1830
11,Lung,75200,Sweden,1,1,2010,18.41774853,41.09322518,,1922
11,Lung,75200,Sweden,1,1,2011,17.87402075,40.47352756,,1910
11,Lung,75200,Sweden,1,1,2012,17.23626233,39.42719035,,1877
11,Lung,75200,Sweden,1,1,2013,16.45993321,38.3211105,,1840
11,Lung,75200,Sweden,1,1,2014,15.79374376,37.28083311,,1805
11,Lung,75200,Sweden,1,1,2015,15.33389337,37.14512372,,1813
11,Lung,75200,Sweden,1,1,2016,15.25799549,37.71120818,,1855
11,Lung,75200,Sweden,1,1,2017,14.81260302,37.79461843,,1873
11,Lung,75200,Sweden,1,1,2018,13.71837971,35.16172993,,1755
11,Lung,75600,Switzerland,1,1,2000,34.95135897,58.56199922,,2044
11,Lung,75600,Switzerland,1,1,2001,34.32553344,58.51990532,,2053
11,Lung,75600,Switzerland,1,1,2002,31.50502191,54.77309403,,1933
11,Lung,75600,Switzerland,1,1,2003,31.6853743,55.57590994,,1975
11,Lung,75600,Switzerland,1,1,2004,30.70274389,54.01189769,,1935
11,Lung,75600,Switzerland,1,1,2005,31.5656369,57.02433628,,2062
11,Lung,75600,Switzerland,1,1,2006,28.66782414,53.38939174,,1951
11,Lung,75600,Switzerland,1,1,2007,29.5010862,54.47368521,,2014
11,Lung,75600,Switzerland,1,1,2008,29.36733488,55.50189956,,2078
11,Lung,75600,Switzerland,1,1,2009,26.18033098,50.69043643,,1923
11,Lung,75600,Switzerland,1,1,2010,26.97484825,53.65415205,,2063
11,Lung,75600,Switzerland,1,1,2011,25.99506814,52.23161901,,2036
11,Lung,75600,Switzerland,1,1,2012,24.15571429,49.31329528,,1949
11,Lung,75600,Switzerland,1,1,2013,23.71741253,48.9237157,,1960
11,Lung,75600,Switzerland,1,1,2014,23.60814684,49.65503917,,2015
11,Lung,75600,Switzerland,1,1,2015,23.58867323,50.07075904,,2056
11,Lung,75600,Switzerland,1,1,2016,21.41020078,46.96268984,,1949
11,Lung,75600,Switzerland,1,1,2017,21.62146561,48.04373913,,2013
11,Lung,7600,Brazil,1,1,2000,16.67135488,11.6768413,,10110
11,Lung,7600,Brazil,1,1,2001,16.55368227,11.88671275,,10429
11,Lung,7600,Brazil,1,1,2002,16.45864082,12.07425683,,10729
11,Lung,7600,Brazil,1,1,2003,16.35720362,12.28534268,,11050
11,Lung,7600,Brazil,1,1,2004,16.74276136,12.88344203,,11723
11,Lung,7600,Brazil,1,1,2005,16.56448806,13.03883394,,11996
11,Lung,7600,Brazil,1,1,2006,16.05125316,13.02882588,,12113
11,Lung,7600,Brazil,1,1,2007,16.39375802,13.63038405,,12799
11,Lung,7600,Brazil,1,1,2008,16.1767964,13.82828283,,13109
11,Lung,7600,Brazil,1,1,2009,15.7992095,13.8866607,,13286
11,Lung,7600,Brazil,1,1,2010,15.68658451,14.16255273,,13672
11,Lung,7600,Brazil,1,1,2011,15.10002423,14.05655271,,13689
11,Lung,7600,Brazil,1,1,2012,15.13921258,14.52652405,,14268
11,Lung,7600,Brazil,1,1,2013,15.13409979,14.9459685,,14803
11,Lung,7600,Brazil,1,1,2014,14.94104632,15.14584758,,15124
11,Lung,7600,Brazil,1,1,2015,14.7504978,15.4096789,,15511
11,Lung,7600,Brazil,1,1,2016,14.62103131,15.73580068,,15964
11,Lung,7600,Brazil,1,1,2017,14.21876655,15.78075956,,16133
11,Lung,7600,Brazil,1,1,2018,13.92675855,15.89281333,,16369
11,Lung,82600,United Kingdom,1,1,2000,39.03669368,72.0406593,,20684
11,Lung,82600,United Kingdom,1,1,2001,37.94250643,70.89297613,,20441
11,Lung,82600,United Kingdom,1,1,2002,37.43452249,70.03054051,,20281
11,Lung,82600,United Kingdom,1,1,2003,35.54141162,67.99120035,,19789
11,Lung,82600,United Kingdom,1,1,2004,34.62911355,66.6231845,,19512
11,Lung,82600,United Kingdom,1,1,2005,34.13022771,65.9778433,,19475
11,Lung,82600,United Kingdom,1,1,2006,33.51866471,65.92383376,,19647
11,Lung,82600,United Kingdom,1,1,2007,32.68208364,65.37437132,,19700
11,Lung,82600,United Kingdom,1,1,2008,32.14680328,65.25424476,,19897
11,Lung,82600,United Kingdom,1,1,2009,31.18401507,64.06087391,,19760
11,Lung,82600,United Kingdom,1,1,2010,30.06155811,62.379552,,19447
11,Lung,82600,United Kingdom,1,1,2011,29.45060302,62.37205468,,19630
11,Lung,82600,United Kingdom,1,1,2012,28.36796018,60.88850017,,19327
11,Lung,82600,United Kingdom,1,1,2013,28.01417627,60.9925,,19511
11,Lung,82600,United Kingdom,1,1,2014,27.47071233,60.81961758,,19600
11,Lung,82600,United Kingdom,1,1,2015,26.3147097,59.14699315,,19200
11,Lung,82600,United Kingdom,1,1,2016,25.98679179,59.20399816,,19357
11,Lung,82610,"UK, England and Wales ",1,1,2000,38.04344882,68.82722885,,17993
11,Lung,82610,"UK, England and Wales ",1,1,2001,36.83917121,69.1037347,,17657
11,Lung,82610,"UK, England and Wales ",1,1,2002,36.17521561,67.99406498,,17477
11,Lung,82610,"UK, England and Wales ",1,1,2003,34.52118502,66.25418621,,17121
11,Lung,82610,"UK, England and Wales ",1,1,2004,33.49604236,64.83161225,,16854
11,Lung,82610,"UK, England and Wales ",1,1,2005,32.92659698,64.03486367,,16775
11,Lung,82610,"UK, England and Wales ",1,1,2006,32.68034102,64.32785882,,16964
11,Lung,82610,"UK, England and Wales ",1,1,2007,31.93154321,63.77851553,,16945
11,Lung,82610,"UK, England and Wales ",1,1,2008,31.65146306,64.29361083,,17218
11,Lung,82610,"UK, England and Wales ",1,1,2009,30.74295109,63.17245595,,17044
11,Lung,82610,"UK, England and Wales ",1,1,2010,29.82069021,61.70362757,,16801
11,Lung,82610,"UK, England and Wales ",1,1,2011,29.17857293,61.35997383,,16873
11,Lung,82610,"UK, England and Wales ",1,1,2012,28.19131556,59.94960957,,16692
11,Lung,82610,"UK, England and Wales ",1,1,2013,27.74068321,59.94824237,,16815
11,Lung,82610,"UK, England and Wales ",1,1,2014,27.19310956,59.93035186,,16957
11,Lung,82610,"UK, England and Wales ",1,1,2015,25.96714662,58.04268536,,16574
11,Lung,82610,"UK, England and Wales ",1,1,2016,25.60846566,57.93315184,,16705
11,Lung,82620,"UK, Scotland",1,1,2000,51.12565739,91.4912707,,2225
11,Lung,82620,"UK, Scotland",1,1,2001,51.77767987,93.55997556,,2277
11,Lung,82620,"UK, Scotland",1,1,2002,52.19995344,95.12888383,,2317
11,Lung,82620,"UK, Scotland",1,1,2003,47.6398626,89.65979726,,2186
11,Lung,82620,"UK, Scotland",1,1,2004,46.94722574,87.91781911,,2151
11,Lung,82620,"UK, Scotland",1,1,2005,46.51658006,89.18116656,,2195
11,Lung,82620,"UK, Scotland",1,1,2006,44.47246389,87.34933553,,2162
11,Lung,82620,"UK, Scotland",1,1,2007,44.98824407,89.68347621,,2239
11,Lung,82620,"UK, Scotland",1,1,2008,42.04611712,84.04550702,,2114
11,Lung,82620,"UK, Scotland",1,1,2009,42.61796641,86.73088544,,2196
11,Lung,82620,"UK, Scotland",1,1,2010,39.67601079,82.68513602,,2107
11,Lung,82620,"UK, Scotland",1,1,2011,40.30805906,85.59312143,,2200
11,Lung,82620,"UK, Scotland",1,1,2012,37.70136185,81.2528617,,2094
11,Lung,82620,"UK, Scotland",1,1,2013,37.36477486,82.23366268,,2127
11,Lung,82620,"UK, Scotland",1,1,2014,36.48354535,81.60891652,,2119
11,Lung,82620,"UK, Scotland",1,1,2015,35.36792391,79.4876323,,2075
11,Lung,82620,"UK, Scotland",1,1,2016,34.73132816,79.20067075,,2081
11,Lung,82620,"UK, Scotland",1,1,2017,32.78940666,77.11244934,,2036
11,Lung,82620,"UK, Scotland",1,1,2018,31.29054315,74.78996704,,1981
11,Lung,82630,"UK, Northern Ireland ",1,1,2000,38.10020559,56.00645156,,466
11,Lung,82630,"UK, Northern Ireland ",1,1,2001,40.6027476,61.49710891,,507
11,Lung,82630,"UK, Northern Ireland ",1,1,2002,38.74838545,58.75568253,,487
11,Lung,82630,"UK, Northern Ireland ",1,1,2003,36.56069083,57.87544292,,482
11,Lung,82630,"UK, Northern Ireland ",1,1,2004,36.44771158,60.61033532,,507
11,Lung,82630,"UK, Northern Ireland ",1,1,2005,36.60718249,59.81569659,,505
11,Lung,82630,"UK, Northern Ireland ",1,1,2006,37.76607738,61.04963183,,521
11,Lung,82630,"UK, Northern Ireland ",1,1,2007,35.14853801,59.86078886,,516
11,Lung,82630,"UK, Northern Ireland ",1,1,2008,38.35740784,64.87794908,,565
11,Lung,82630,"UK, Northern Ireland ",1,1,2009,34.02711763,59.18446089,,520
11,Lung,82630,"UK, Northern Ireland ",1,1,2010,35.07802369,60.9456871,,539
11,Lung,82630,"UK, Northern Ireland ",1,1,2011,34.77003824,62.63198257,,557
11,Lung,82630,"UK, Northern Ireland ",1,1,2012,32.78311737,60.47747019,,541
11,Lung,82630,"UK, Northern Ireland ",1,1,2013,34.44055771,63.42341539,,569
11,Lung,82630,"UK, Northern Ireland ",1,1,2014,30.36939235,58.04737064,,524
11,Lung,82630,"UK, Northern Ireland ",1,1,2015,30.63736786,60.60746055,,551
11,Lung,82630,"UK, Northern Ireland ",1,1,2016,31.28694037,62.38984805,,571
11,Lung,84000,USA,1,1,2000,46.86408057,65.19383448,,90464
11,Lung,84000,USA,1,1,2001,45.67322319,64.47203495,,90422
11,Lung,84000,USA,1,1,2002,44.51713346,63.66904788,,90171
11,Lung,84000,USA,1,1,2003,43.4510524,62.94201245,,89962
11,Lung,84000,USA,1,1,2004,42.38458038,62.1428603,,89627
11,Lung,84000,USA,1,1,2005,41.54074087,61.95382901,,90185
11,Lung,84000,USA,1,1,2006,39.98894681,60.7503034,,89280
11,Lung,84000,USA,1,1,2007,38.55655239,59.55253692,,88370
11,Lung,84000,USA,1,1,2008,37.56645506,59.12477736,,88586
11,Lung,84000,USA,1,1,2009,36.21584876,58.01470229,,87744
11,Lung,84000,USA,1,1,2010,35.12190811,57.49457886,,87743
11,Lung,84000,USA,1,1,2011,33.75740939,56.37336412,,86772
11,Lung,84000,USA,1,1,2012,32.72849288,55.89220606,,86739
11,Lung,84000,USA,1,1,2013,31.3842281,54.79817098,,85709
11,Lung,84000,USA,1,1,2014,30.27539703,53.88183606,,84908
11,Lung,84000,USA,1,1,2015,28.98913797,52.7351027,,83697
11,Lung,84000,USA,1,1,2016,27.11243647,50.57315059,,80815
11,Lung,84000,USA,1,1,2017,25.58555917,48.95706188,,78743
11,Lung,85800,Uruguay,1,1,2000,48.20561803,62.55220464,,1005
11,Lung,85800,Uruguay,1,1,2001,47.79050547,63.84588461,,1027
11,Lung,85800,Uruguay,1,1,2002,47.9349723,63.56749226,,1022
11,Lung,85800,Uruguay,1,1,2003,47.82615516,63.47398937,,1019
11,Lung,85800,Uruguay,1,1,2004,42.37408271,57.69768161,,925
11,Lung,85800,Uruguay,1,1,2005,44.97318068,61.03329747,,978
11,Lung,85800,Uruguay,1,1,2006,44.89881472,60.86856195,,976
11,Lung,85800,Uruguay,1,1,2007,43.69174788,59.77412851,,960
11,Lung,85800,Uruguay,1,1,2008,43.07685996,60.31587879,,971
11,Lung,85800,Uruguay,1,1,2009,44.09342223,62.00895382,,1001
11,Lung,85800,Uruguay,1,1,2010,43.33142275,60.96785073,,987
11,Lung,85800,Uruguay,1,1,2011,40.75573835,58.51155234,,950
11,Lung,85800,Uruguay,1,1,2012,38.58280527,56.48846806,,920
11,Lung,85800,Uruguay,1,1,2013,39.57967771,57.89541004,,946
11,Lung,85800,Uruguay,1,1,2014,41.2258945,61.11037925,,1002
11,Lung,85800,Uruguay,1,1,2015,39.7167542,58.15253586,,957
11,Lung,85800,Uruguay,1,1,2016,38.01165852,57.02168822,,942
11,Lung,85800,Uruguay,1,1,2017,37.19747368,57.09703481,,947