,country,year,c_dollar2_poverty,c_forest_area,c_health_expenditure,c_out_of_pocket,c_physician,c_tuberculosis,c_urban_pop,Unnamed: 0,hdicode,ASR (female),ASR (male)
0,Argentina,2000,89.142,704.95,12.1964855354461,385.8288802,205.17,318.9,37.0,5,4.0,6.78436762,35.30468589
1,Argentina,2001,89.329,671.37,12.0808714176615,368.25933092,197.88,301.76,35.0,5,4.0,7.030285276,32.88349289
2,Argentina,2002,89.51,222.65,11.9652572998769,121.46786443,66.78,96.8,35.0,5,4.0,7.15609338,32.33865602
3,Argentina,2003,89.686,260.98,11.8496431820922,142.78991158,73.73,117.3,33.0,5,4.0,7.353656957,32.34210789
4,Argentina,2004,89.86,310.22,11.7340290643076,160.69074498,85.71,130.02,34.0,5,4.0,7.824898901,31.52455135
5,Argentina,2005,90.031,390.8,11.618414946523,200.94817796,129.23,185.23,31.0,5,4.0,7.814174115,31.0021238
6,Argentina,2006,90.2,453.64,11.5028008287384,238.62477629,147.03,213.53,28.0,5,4.0,8.112995285,31.29469276
7,Argentina,2007,90.366,569.29,11.3871867109537,309.17850834,178.11,258.8,30.0,5,4.0,8.148557204,30.30826931
8,Argentina,2008,90.53,742.9,11.2715725931691,409.32963561,224.82,326.7,26.0,5,4.0,8.373216111,29.72156992
9,Argentina,2009,90.691,781.78,11.1559584753845,468.75522245,204.72,310.77,22.0,5,4.0,8.536065992,28.83978899
10,Argentina,2010,90.849,980.14,11.0403443575999,577.81536102,262.48,399.22,21.0,5,4.0,8.552600662,28.16903393
11,Argentina,2011,90.99,,10.9587128976976,725.40137579,323.41,470.18,27.0,5,4.0,9.012894024,28.09931018
12,Argentina,2012,91.121,,10.8770814377953,850.24868392,355.31,504.65,24.0,5,4.0,8.975091625,27.15015129
13,Argentina,2013,91.249,,10.795449977893,900.03306052,379.52,508.87,24.0,5,4.0,9.384708522,26.02829842
14,Argentina,2014,91.377,,10.7138185179907,837.82365774,346.31,436.02,25.0,5,4.0,9.540317762,25.32586731
15,Argentina,2015,91.503,,10.6321870580884,1017.41998184,395.48,503.3,26.0,5,4.0,9.621052222,26.14567395
16,Argentina,2016,91.627,,10.6003968297469,713.85226553,339.84,431.91,27.0,5,4.0,9.439531213,24.69804638
17,Argentina,2017,91.749,,10.5598368832422,964.15175706,394.23,554.82,27.0,5,4.0,9.447573775,24.02392636
18,Argentina,2018,91.87,,10.5203731515078,704.5696963,312.4,414.5,27.0,5,4.0,9.113698127,22.83212545
19,Australia,2000,84.235,,17.1581557606446,1175.62196475,343.62,460.91,6.3,8,4.0,14.10818107,32.19025417
20,Australia,2001,84.1,,17.1286333519909,1109.16520957,318.81,450.66,5.9,8,4.0,14.21018129,31.77779026
21,Australia,2002,84.222,,17.0991109433373,1268.76200856,351.33,494.93,6.0,8,4.0,14.66519766,30.96332035
22,Australia,2003,84.343,,17.0695885346836,1598.57642986,429.05,642.17,5.5,8,4.0,13.91233255,28.90698229
23,Australia,2004,84.463,,17.04006612603,1979.1596839,530.6,781.67,6.2,8,4.0,13.71656665,29.35397431
24,Australia,2005,84.582,,17.0105437173763,2165.25711716,592.06,848.85,6.0,8,4.0,13.89600381,28.18607664
25,Australia,2006,84.7,,16.9810213087226,2289.04418252,630.8,904.99,6.5,8,4.0,14.14650056,27.08192392
26,Australia,2007,84.822,,16.951498900069,2781.61678761,725.01,,6.2,8,4.0,14.69509893,26.59401579
27,Australia,2008,84.943,,16.9219764914153,2970.59914895,782.04,,6.6,8,4.0,14.18905719,27.16449101
28,Australia,2009,85.063,,16.8924540827617,2929.13379806,764.39,,6.9,8,4.0,14.44599603,24.97513664
29,Australia,2010,85.182,,16.862931674108,3600.11535529,982.62,,6.6,8,4.0,14.64527856,24.93596569
30,Australia,2011,85.3,,16.9553102586465,4329.06046847,,,6.4,8,4.0,14.34188048,24.41885661
31,Australia,2012,85.402,,17.047688843185,4325.11949257,,,6.6,8,4.0,14.22164693,23.13245693
32,Australia,2013,85.502,,17.1400674277235,3957.46452674,,,6.2,8,4.0,13.6119215,23.06208768
33,Australia,2014,85.602,,17.232446012262,4307.17378934,,,6.5,8,4.0,13.73060955,22.07693477
34,Australia,2015,85.701,,17.3248245968004,3782.21746471,915.67,,6.1,8,4.0,14.15682649,21.6111681
35,Australia,2016,85.8,,17.4254877132405,3878.03205092,924.28,,6.5,8,4.0,13.20284621,20.94680458
36,Australia,2017,85.904,,17.4229136169693,4145.22788103,965.31,,6.7,8,4.0,12.66817045,20.03559857
37,Australia,2018,86.012,,17.4213145571644,4193.43605417,951.34,,6.6,8,4.0,13.17742978,19.98484111
38,Austria,2000,60.213,,46.5116335433834,1682.86150358,404.41,586.26,17.0,9,4.0,11.57766175,36.98888092
39,Austria,2001,59.934,,46.5420019389239,1680.96545472,421.42,601.55,14.0,9,4.0,10.69862625,35.62284073
40,Austria,2002,59.655,,46.5723703344644,1834.3865169,464.93,663.48,15.0,9,4.0,11.80601369,36.32508433
41,Austria,2003,59.375,,46.6027387300049,2260.87947489,583.88,830.36,13.0,9,4.0,11.23291541,34.72522043
42,Austria,2004,59.094,,46.6331071255453,2590.12369117,693.84,,13.0,9,4.0,12.08457246,34.16482232
43,Austria,2005,58.813,,46.6634755210858,2695.66656984,711.78,,13.0,9,4.0,11.49132526,33.33236723
44,Austria,2006,58.532,,46.6938439166263,2828.75746721,730.24,,12.0,9,4.0,11.58426949,32.94481196
45,Austria,2007,58.249,,46.7242123121667,3260.49907236,842.28,,11.0,9,4.0,13.21974074,30.95225006
46,Austria,2008,57.966,,46.7545807077072,3732.00021647,922.73,,10.0,9,4.0,13.22686608,32.1449399
47,Austria,2009,57.683,,46.7849491032477,3590.60529525,889.75,,9.1,9,4.0,13.05399371,31.60876852
48,Austria,2010,57.399,,46.8153174987882,3475.56824212,893.03,,9.1,9,4.0,13.42680952,30.91050574
49,Austria,2011,57.115,,46.8589190499273,3756.43685306,968.43,,9.2,9,4.0,13.82417305,29.42063709
50,Austria,2012,57.147,,46.9025206010664,3618.98198149,927.37,,8.5,9,4.0,14.25868949,28.87673495
51,Austria,2013,57.336,,46.9461221522055,3778.29665705,,,8.5,9,4.0,13.4015421,28.96001909
52,Austria,2014,57.526,,46.9897237033446,3911.28340535,,,7.6,9,4.0,14.98488309,28.50901351
53,Austria,2015,57.715,,47.0333252544838,3342.26833668,880.64,,7.5,9,4.0,14.82985694,27.09153583
54,Austria,2016,57.905,,47.0769510421716,3408.04957304,906.34,,8.1,9,4.0,15.10431472,26.87833765
55,Austria,2017,58.094,,47.1204556471159,3645.70234395,945.94,,7.3,9,4.0,14.03054537,26.10199761
56,Austria,2018,58.297,,47.1639602520601,3975.25710759,983.4,,6.1,9,4.0,14.50871991,26.51124158
57,Belgium,2000,97.129,,22.0376486129458,1378.75934711,374.19,471.16,14.0,12,4.0,10.56080945,56.4258279
58,Belgium,2001,97.186,,22.1121862615588,1416.19480533,368.25,463.74,15.0,12,4.0,10.41372128,56.5824263
59,Belgium,2002,97.241,,22.1867239101717,1536.92387855,435.1,547.8,13.0,12,4.0,10.7000907,53.92224403
60,Belgium,2003,97.296,,22.2612615587847,2086.30324354,584.03,728.58,12.0,12,4.0,11.27242487,51.942932
61,Belgium,2004,97.35,,22.3357992073976,2484.45629546,660.64,828.29,12.0,12,4.0,11.56828094,49.33895195
62,Belgium,2005,97.403,,22.4103368560106,2547.64679592,681.45,858.24,12.0,12,4.0,12.71832742,51.02883711
63,Belgium,2006,97.454,,22.4848745046235,2644.76558652,716.51,901.16,11.0,12,4.0,13.09384493,49.43119362
64,Belgium,2007,97.505,,22.5594121532365,3015.4709359,835.91,,10.0,12,4.0,13.25274906,47.60500842
65,Belgium,2008,97.555,,22.6339498018494,3524.99275466,926.29,,10.0,12,4.0,13.94518497,48.04089161
66,Belgium,2009,97.603,,22.7084874504624,3539.14990327,912.48,,9.8,12,4.0,13.55783721,46.30008721
67,Belgium,2010,97.651,,22.7830250990753,3454.78793891,893.69,,11.0,12,4.0,14.85969282,45.89386158
68,Belgium,2011,97.698,,22.7792602377807,3755.8665851,966.35,,10.0,12,4.0,15.67281518,43.93012548
69,Belgium,2012,97.744,,22.7754953764861,3597.02381488,905.37,,9.5,12,4.0,14.63490476,40.99891093
70,Belgium,2013,97.789,,22.7717305151915,3765.05352755,965.32,,9.4,12,4.0,15.77657398,40.34700301
71,Belgium,2014,97.833,,22.767965653897,3867.07962578,976.4,,9.1,12,4.0,15.46148063,40.0684734
72,Belgium,2015,97.876,,22.7642007926024,3399.29558782,829.46,,9.5,12,4.0,15.67693134,36.92405051
73,Belgium,2016,97.919,,22.7642007926024,3494.15363934,819.7,,10.0,12,4.0,15.2545465,35.9858761
74,Bulgaria,2000,68.899,94.52,30.507095724487,56.2850303,38.16,38.22,52.0,16,3.0,6.558833829,37.6786073
75,Bulgaria,2001,69.166,119.83,30.834312573443,67.18396259,52.37,52.63,61.0,16,3.0,6.212387823,38.06106642
76,Bulgaria,2002,69.524,148.15,31.6856617647059,87.91286595,58.95,60.24,53.0,16,3.0,6.268773933,39.75160354
77,Bulgaria,2003,69.879,195.74,32.0272133860439,118.84364516,74.5,76.89,52.0,16,3.0,6.259267574,41.14806129
78,Bulgaria,2004,70.233,233.11,32.3630011033468,138.53303846,91.39,94.57,49.0,16,3.0,6.687916975,40.56315341
79,Bulgaria,2005,70.584,267.74,32.7319587628866,159.49854216,104.06,108.24,52.0,16,3.0,7.966173495,44.20283721
80,Bulgaria,2006,70.932,294.11,33.0682132007733,163.76174839,125.43,130.39,51.0,16,3.0,7.034272698,43.54324082
81,Bulgaria,2007,71.278,361.23,33.407605192892,201.38201398,153.86,159.85,47.0,16,3.0,7.630514266,43.50875339
82,Bulgaria,2008,71.622,455.54,33.7409078353743,252.36699808,194.19,203.21,49.0,16,3.0,7.365366862,44.67672959
83,Bulgaria,2009,71.963,459.3,34.0899042004421,247.12506234,203.78,212.18,44.0,16,3.0,7.375884626,41.65334876
84,Bulgaria,2010,72.302,484.75,34.4233603537214,267.77277696,209.13,216.94,41.0,16,3.0,6.877083706,41.89385267
85,Bulgaria,2011,72.638,555.86,34.6002210759027,300.93875305,247.16,254.97,37.0,16,3.0,7.964714577,41.62399442
86,Bulgaria,2012,72.975,558.65,34.777081798084,283.79798622,266.74,274.86,35.0,16,3.0,8.503953948,43.92026923
87,Bulgaria,2013,73.313,547.45,34.9539425202653,309.6563905,229.18,237.8,33.0,16,3.0,7.808914285,44.38324451
88,Bulgaria,2014,73.651,605.26,35.1308032424466,352.49429819,243.56,252.76,31.0,16,3.0,8.871677824,40.90374468
89,Bulgaria,2015,73.99,521.42,35.3076639646279,291.45916059,221.65,229.96,28.0,16,3.0,8.910845806,40.69480085
90,Bulgaria,2016,74.329,562.34,35.3813559322034,310.03733992,243.24,252.3,27.0,16,3.0,8.408843975,38.78549142
91,Bulgaria,2017,74.669,624.53,35.5011053795136,343.09524268,270.8,281.45,25.0,16,3.0,8.698082416,38.37420391
92,Bulgaria,2018,75.008,689.91,35.6208548268239,397.63744044,279.53,292.27,23.0,16,3.0,9.588328987,36.93680631
93,Brazil,2000,81.192,310.61,65.9343586013156,129.32587746,113.66,180.3,51.0,23,3.0,6.152205022,16.67135488
94,Brazil,2001,81.553,268.65,65.4616708980706,110.38630059,101.57,157.5,48.0,23,3.0,6.138989549,16.55368227
95,Brazil,2002,81.88,245.66,64.9889831948257,104.12898358,89.44,140.76,52.0,23,3.0,6.082660129,16.45864082
96,Brazil,2003,82.203,250.31,64.5162954915806,107.27451141,88.79,142.54,53.0,23,3.0,6.428463422,16.35720362
97,Brazil,2004,82.521,294.38,64.0436077883357,125.61439056,104.11,167.21,54.0,23,3.0,6.641845182,16.74276136
98,Brazil,2005,82.834,383.55,63.5709200850907,159.67783843,137.6,223.61,50.0,23,3.0,6.715443302,16.56448806
99,Brazil,2006,83.143,483.92,63.0982323818457,207.73388677,166.33,275.67,46.0,23,3.0,7.026288222,16.05125316
100,Brazil,2007,83.448,600.64,62.6255446786007,255.18587432,198.78,344.96,46.0,23,3.0,7.251180123,16.39375802
101,Brazil,2008,83.749,705.13,62.1528569753558,308.45049206,217.77,396.31,46.0,23,3.0,7.423482808,16.1767964
102,Brazil,2009,84.044,719.43,61.6801692721108,317.72222828,224.54,400.63,45.0,23,3.0,7.396768825,15.7992095
103,Brazil,2010,84.335,893.78,61.2074815688658,402.38873914,262.64,489.19,44.0,23,3.0,7.53777023,15.68658451
104,Brazil,2011,84.631,,61.023328156743,457.48902574,301.22,567.11,44.0,23,3.0,7.719250862,15.10002423
105,Brazil,2012,84.923,953.7,60.8391747446202,413.54290868,283.08,538.97,44.0,23,3.0,7.855635256,15.13921258
106,Brazil,2013,85.209,977.82,60.6550213324974,435.31874961,275.52,541.83,44.0,23,3.0,7.970609925,15.13409979
107,Brazil,2014,85.492,,60.4708679203746,446.50474732,285.63,565.66,43.0,23,3.0,8.151637126,14.94104632
108,Brazil,2015,85.77,782.52,60.2867145082518,338.49178102,193.34,443.4,43.0,23,3.0,8.376766823,14.7504978
109,Brazil,2016,86.042,795.94,60.0710325503043,342.75336886,194.37,452.59,43.0,23,3.0,8.291174912,14.62103131
110,Brazil,2017,86.309,937.34,59.8328814784151,391.23177087,229.35,545.49,44.0,23,3.0,8.355689549,14.21876655
111,Brazil,2018,86.569,863.28,59.7084279516735,354.73819906,214.31,507.81,46.0,23,3.0,8.429870924,13.92675855
112,Canada,2000,79.478,,38.7929818338782,1458.24848788,332.38,543.42,6.5,29,4.0,24.79547157,43.2043707
113,Canada,2001,79.81,,38.7876307080739,1496.62566,327.4,559.13,6.6,29,4.0,24.54682711,43.17490314
114,Canada,2002,79.888,,38.7822795822695,1556.96715343,341.93,592.41,6.1,29,4.0,25.22087073,43.00772705
115,Canada,2003,79.967,,38.7769284564652,1866.72108705,389.26,685.54,5.9,29,4.0,25.15661277,41.38492198
116,Canada,2004,80.045,,38.7715773306609,2130.66980899,445.83,785.58,5.6,29,4.0,25.65025469,39.83757567
117,Canada,2005,80.122,,38.7662262048566,2403.76096226,505.8,887.46,5.5,29,4.0,25.24269863,39.34300268
118,Canada,2006,80.213,,38.7608750790522,2630.67862223,601.32,,5.4,29,4.0,25.76538197,37.6871058
119,Canada,2007,80.396,,38.7555239532479,2938.0638995,658.39,,5.3,29,4.0,25.34680489,37.30586591
120,Canada,2008,80.578,,38.7501728274436,3132.7991565,695.43,,5.4,29,4.0,25.11224494,35.68163244
121,Canada,2009,80.758,,38.7448217016393,3082.59100415,665.47,,5.4,29,4.0,24.97451063,35.28715382
122,Canada,2010,80.937,,38.7394705758349,3563.27208969,788.89,,4.6,29,4.0,24.67396802,33.9916726
123,Canada,2011,81.096,,38.7348640747569,3819.3449331,818.69,,4.8,29,4.0,23.84569908,32.72941705
124,Canada,2012,81.137,,38.7302575736789,3905.04517511,823.43,,5.5,29,4.0,23.84906833,32.08233843
125,Canada,2013,81.178,,38.7256510726009,3880.16970318,794.34,,5.4,29,4.0,23.54519095,30.14630535
126,Canada,2014,81.218,,38.7210445715229,3693.31867181,763.01,,5.1,29,4.0,23.26725437,30.23492161
127,Canada,2015,81.259,,38.7164380704449,3306.72043133,683.11,,5.3,29,4.0,22.5952935,28.47912696
128,Canada,2016,81.3,,38.7120133755838,3252.90027696,721.53,,5.5,29,4.0,22.04116076,27.03587645
129,Canada,2017,81.35,,38.7078876013737,3417.37648692,753.05,,5.7,29,4.0,21.30217147,26.37885394
130,Switzerland,2000,73.383,,30.2649701705926,1016.90206874,,,9.2,30,4.0,11.00856709,34.95135897
131,Switzerland,2001,73.375,,30.3634195933644,1127.7236425,,,8.7,30,4.0,10.56930881,34.32553344
132,Switzerland,2002,73.401,,30.4618750992981,1320.92528445,,,9.4,30,4.0,10.90632412,31.50502191
133,Switzerland,2003,73.427,,30.5603374622472,1576.10565356,,,9.0,30,4.0,11.43659618,31.6853743
134,Switzerland,2004,73.452,,30.6588066903223,1732.26568006,,,8.6,30,4.0,11.67539347,30.70274389
135,Switzerland,2005,73.478,,30.7572827916362,1761.6455246,,,8.0,30,4.0,11.54371172,31.5656369
136,Switzerland,2006,73.504,,30.8557657743037,1736.13397544,,,7.3,30,4.0,12.78662072,28.66782414
137,Switzerland,2007,73.53,,30.9542548630875,1890.15058554,,,6.4,30,4.0,12.71047647,29.5010862
138,Switzerland,2008,73.556,,31.0522573251862,2250.53767604,,,7.0,30,4.0,12.0510046,29.36733488
139,Switzerland,2009,73.581,,31.1502627536125,2346.02520129,,,7.5,30,4.0,12.67039448,26.18033098
140,Switzerland,2010,73.607,,31.2482719393317,2493.58823462,,,7.5,30,4.0,12.86119254,26.97484825
141,Switzerland,2011,73.631,,31.3357558163813,3027.88310133,,,7.6,30,4.0,13.31413164,25.99506814
142,Switzerland,2012,73.653,,31.4232415506488,3008.8597743,,,6.0,30,4.0,13.05988268,24.15571429
143,Switzerland,2013,73.674,,31.5107315281037,3041.3440123,,,6.6,30,4.0,13.02080473,23.71741253
144,Switzerland,2014,73.696,,31.5982233630178,3074.46406524,,,5.9,30,4.0,12.63813836,23.60814684
145,Switzerland,2015,73.718,,31.6857178507946,2985.30670673,,,7.4,30,4.0,12.31451528,23.58867323
146,Switzerland,2016,73.739,,31.7732664163142,2925.79361537,,,7.9,30,4.0,13.13542484,21.41020078
147,Switzerland,2017,73.761,,31.8603337971021,3031.3860417,,,7.2,30,4.0,12.72265764,21.62146561
148,Chile,2000,86.073,356.74,21.2728705691214,127.69557612,152.74,229.05,23.0,31,4.0,6.702644352,18.61329339
149,Chile,2001,86.363,326.97,21.3950172958259,118.89829176,139.34,208.07,22.0,31,4.0,7.155660969,19.19711825
150,Chile,2002,86.606,322.87,21.5171640225303,121.21288215,137.17,201.66,18.0,31,4.0,7.092749716,18.60784896
151,Chile,2003,86.665,349.78,21.6393107492347,133.78239793,149.58,216.0,16.0,31,4.0,6.917510282,17.27794156
152,Chile,2004,86.725,427.44,21.7614574759392,168.69400453,178.86,258.74,19.0,31,4.0,7.171260701,18.62464278
153,Chile,2005,86.783,500.87,21.8836042026436,197.05654261,212.73,303.82,18.0,31,4.0,7.563281894,18.1985824
154,Chile,2006,86.842,571.9,22.005750929348,236.47372369,233.05,335.31,18.0,31,4.0,7.772277869,18.23865947
155,Chile,2007,86.9,649.92,22.1278976560525,274.64978822,254.69,375.27,17.0,31,4.0,7.744336025,17.5559038
156,Chile,2008,86.959,726.74,22.2500443827569,316.31364149,272.02,410.34,17.0,31,4.0,7.66395734,16.23788166
157,Chile,2009,87.017,738.28,22.3721911094613,345.96944885,255.36,392.22,16.0,31,4.0,7.71199138,17.0515596
158,Chile,2010,87.074,870.71,22.4943378361658,410.14342497,300.11,460.48,16.0,31,4.0,7.435322386,17.40298828
159,Chile,2011,87.132,994.67,22.7285765777398,469.05888461,343.15,525.59,16.0,31,4.0,8.15708047,17.17299184
160,Chile,2012,87.189,,22.9628153193138,518.40479978,361.29,563.04,16.0,31,4.0,8.492305255,16.22359925
161,Chile,2013,87.246,,23.1970540608878,563.98758616,398.15,619.6,16.0,31,4.0,8.530172657,16.62719298
162,Chile,2014,87.303,,23.4312928024618,548.99206357,394.11,601.04,15.0,31,4.0,8.273771766,16.29882202
163,Chile,2015,87.36,,23.6655315440358,544.16385101,391.09,589.1,17.0,31,4.0,8.166267987,15.79525402
164,Chile,2016,87.422,,23.8308640381315,585.77157723,409.97,593.96,16.0,31,4.0,8.048575436,15.31384534
165,Chile,2017,87.49,,23.9961965322273,689.32199372,455.52,678.39,17.0,31,4.0,8.332896461,14.77858335
166,Chile,2018,87.564,,24.161529026323,740.6114733,484.5,716.66,18.0,31,4.0,7.893960651,14.6890588
167,Colombia,2000,73.957,134.29,56.5439387111311,100.08750578,18.39,34.17,37.0,37,3.0,6.735871222,13.34117586
168,Colombia,2001,74.379,138.04,56.3701928796755,103.60383488,18.5,34.38,36.0,37,3.0,6.743376377,13.4517804
169,Colombia,2002,74.797,131.78,56.1964470482199,100.40298131,15.14,30.2,35.0,37,3.0,6.843873795,13.50361245
170,Colombia,2003,75.211,129.33,56.0227012167643,100.07885168,11.13,26.85,35.0,37,3.0,7.21273306,13.24050783
171,Colombia,2004,75.62,159.19,55.8489553853087,117.05827742,21.9,40.15,33.0,37,3.0,7.277980984,13.94683636
172,Colombia,2005,76.024,209.25,55.6752095538531,150.28629256,34.33,56.98,30.0,37,3.0,7.202441036,13.70003191
173,Colombia,2006,76.423,239.39,55.5014637223975,172.56380113,42.93,65.12,32.0,37,3.0,7.216512185,13.40447628
174,Colombia,2007,76.816,309.04,55.3277178909419,218.34157496,59.48,89.25,31.0,37,3.0,6.79519751,13.19859435
175,Colombia,2008,77.204,378.18,55.1539720594863,262.31214142,78.86,115.64,32.0,37,3.0,6.547532756,12.64494594
176,Colombia,2009,77.587,383.43,54.9802262280306,276.27116722,69.07,106.98,32.0,37,3.0,6.518267851,12.38326305
177,Colombia,2010,77.964,452.15,54.806480396575,326.56817909,76.88,125.3,32.0,37,3.0,6.580026592,11.9935817
178,Colombia,2011,78.335,501.27,54.6851410545291,368.42764772,76.77,132.07,33.0,37,3.0,6.190776253,11.5516131
179,Colombia,2012,78.701,546.55,54.5638017124831,381.82892603,97.61,161.84,33.0,37,3.0,6.416962625,10.80258123
180,Colombia,2013,79.061,579.91,54.4424623704371,405.11283055,99.47,174.8,32.0,37,3.0,6.079620554,11.23989865
181,Colombia,2014,79.415,586.68,54.3211230283912,413.04691948,95.49,173.63,31.0,37,3.0,6.393684635,11.30600652
182,Colombia,2015,79.764,468.59,54.1997836863452,331.90612624,72.17,136.68,31.0,37,3.0,6.616222797,10.93896935
183,Colombia,2016,80.108,447.24,54.0419017575485,314.53867912,69.82,132.7,33.0,37,3.0,6.209924699,10.7985618
184,Colombia,2017,80.446,495.3,53.8438666065795,351.8637651,76.09,143.43,33.0,37,3.0,6.141223072,10.65501158
185,Costa Rica,2000,59.052,247.7,55.9580885233059,160.81551088,78.21,84.13,18.0,40,4.0,4.976600963,10.91508714
186,Costa Rica,2001,60.41,255.18,55.9854680767724,167.28890759,80.72,84.68,20.0,40,4.0,4.057850714,10.74348863
187,Costa Rica,2002,61.753,276.24,56.0128476302389,184.6968395,84.78,90.47,17.0,40,4.0,3.421997462,9.321878344
188,Costa Rica,2003,63.08,287.37,56.0402271837054,190.74340942,88.41,95.67,16.0,40,4.0,4.356168233,9.942072688
189,Costa Rica,2004,64.388,290.13,56.0676067371719,191.53769981,93.02,97.92,21.0,40,4.0,4.208675842,8.967721361
190,Costa Rica,2005,65.672,309.51,56.0949862906385,197.95495473,101.44,111.01,16.0,40,4.0,4.132961568,8.480540853
191,Costa Rica,2006,66.935,359.79,56.122365844105,237.85616167,111.81,121.62,14.0,40,4.0,2.842658495,7.848857383
192,Costa Rica,2007,68.174,423.64,56.1497453975715,280.49474636,130.96,142.74,16.0,40,4.0,3.01980373,7.354014343
193,Costa Rica,2008,69.39,510.99,56.177124951038,346.55215331,150.8,163.72,14.0,40,4.0,2.882320619,6.513031658
194,Costa Rica,2009,70.575,529.61,56.2045045045045,375.71871856,139.83,152.39,12.0,40,4.0,2.880982976,6.676790143
195,Costa Rica,2010,71.736,654.17,56.231884057971,473.06549114,166.06,179.73,13.0,40,4.0,3.401129368,7.889216238
196,Costa Rica,2011,72.868,742.14,56.5524089306698,520.93233347,191.35,220.25,14.0,40,4.0,3.087452408,8.291638747
197,Costa Rica,2012,73.946,776.43,56.8729338033686,548.7877049,190.25,227.15,13.0,40,4.0,3.033132858,7.645274546
198,Costa Rica,2013,74.97,816.88,57.1934586760674,579.98683037,189.73,236.57,11.0,40,4.0,2.930066271,7.097474805
199,Costa Rica,2014,75.941,822.91,57.5139835487662,584.44308812,200.9,238.27,12.0,40,4.0,3.118135612,6.295532389
200,Costa Rica,2015,76.862,875.35,57.8345084214649,636.43348334,197.82,238.86,11.0,40,4.0,3.491375162,6.52321332
201,Costa Rica,2016,77.735,870.74,58.1551116333725,638.45929858,193.33,232.03,9.4,40,4.0,3.504414611,5.97881179
202,Costa Rica,2017,78.56,853.75,58.4757148452801,627.58570318,181.47,225.71,9.6,40,4.0,3.072015434,6.155575306
203,Cuba,2000,75.323,181.15,22.6722532588454,151.61459458,29.4,29.4,12.0,41,3.0,15.54904504,36.21533754
204,Cuba,2001,75.555,198.59,23.135009310987,161.2873253,37.15,37.15,9.5,41,3.0,15.50641384,35.69358392
205,Cuba,2002,75.785,213.96,23.8217877620077,172.24630398,41.46,41.46,9.2,41,3.0,16.40556748,37.9215884
206,Cuba,2003,75.947,227.7,24.2866541353383,181.09301749,46.28,46.28,8.6,41,3.0,17.1241445,39.27834885
207,Cuba,2004,76.041,232.51,24.7514331359835,186.10647587,45.57,45.57,8.0,41,3.0,17.01326628,38.84445981
208,Cuba,2005,76.134,331.99,25.2113866967306,281.74200484,49.28,49.28,7.9,41,3.0,17.69664496,38.15831156
209,Cuba,2006,76.227,387.44,25.68072911773,331.63764274,55.26,55.26,7.8,41,3.0,17.69199516,37.68066972
210,Cuba,2007,76.32,570.31,26.1452461480646,513.89160051,55.79,55.79,7.8,41,3.0,18.25323063,39.32952585
211,Cuba,2008,76.413,610.09,26.6121758737317,554.99691565,53.92,53.92,8.4,41,3.0,19.2400829,39.23991391
212,Cuba,2009,76.505,676.22,27.0791055993987,620.78619007,54.77,54.77,7.3,41,3.0,18.93245273,38.55190763
213,Cuba,2010,76.597,608.96,27.5460353250658,552.80704553,55.91,55.91,8.5,41,3.0,19.21572998,37.60376634
214,Cuba,2011,76.689,695.99,27.9086306766608,619.34290121,75.28,75.28,8.2,41,3.0,18.14815965,36.0551465
215,Cuba,2012,76.781,601.42,28.4372099128918,521.45649815,78.97,78.97,7.5,41,3.0,17.87026613,35.82086923
216,Cuba,2013,76.827,710.79,29.5835732105162,622.7105347,87.22,87.22,7.7,41,3.0,18.60385437,34.94302873
217,Cuba,2014,76.861,864.16,30.1249759661604,779.90809703,83.29,83.29,7.4,41,3.0,18.8694845,35.68518093
218,Cuba,2015,76.896,985.42,30.5859750240154,890.13392605,94.82,94.82,7.1,41,3.0,18.07846279,35.80828082
219,Cuba,2016,76.93,984.25,31.1514801999231,881.96013237,101.23,101.23,6.9,41,3.0,18.2237144,34.75699718
220,Cuba,2017,76.977,980.09,31.233140655106,874.45636434,104.88,104.88,7.2,41,3.0,18.17867766,34.60184071
221,Czechia,2000,73.988,342.92,34.1308399119969,304.18498783,34.97,38.74,16.0,43,4.0,12.5245479,62.23955584
222,Czechia,2001,73.877,388.54,34.1568396531642,339.77447904,41.35,48.77,15.0,43,4.0,13.0024781,58.62550549
223,Czechia,2002,73.809,497.74,34.1828393943316,438.38212471,49.78,59.36,13.0,43,4.0,12.3040726,57.08059373
224,Czechia,2003,73.74,640.66,34.2088391354989,560.46039046,66.42,80.2,13.0,43,4.0,12.83895233,55.08795605
225,Czechia,2004,73.671,746.33,34.2392699974113,653.80276218,79.89,92.53,12.0,43,4.0,12.67708075,55.80641043
226,Czechia,2005,73.602,852.65,34.2652731038053,726.68377441,94.58,125.97,11.0,43,4.0,12.79367685,52.53465992
227,Czechia,2006,73.533,942.12,34.295715210356,805.53871887,109.72,136.58,11.0,43,4.0,13.43916814,49.94062377
228,Czechia,2007,73.463,,34.3217216828479,930.24390162,151.33,179.93,8.8,43,4.0,12.97618895,48.223834
229,Czechia,2008,73.394,,34.35217503884,1173.89025696,233.82,275.45,8.9,43,4.0,13.03302816,45.54979036
230,Czechia,2009,73.324,,34.3781848783014,1195.37961567,217.07,246.86,7.0,43,4.0,12.72719348,45.07707884
231,Czechia,2010,73.255,,34.4086494885407,1142.1187846,209.54,231.81,6.8,43,4.0,13.15716946,44.25139401
232,Czechia,2011,73.185,,34.4371617247184,1269.27130281,227.81,247.28,6.2,43,4.0,14.03472576,41.99432445
233,Czechia,2012,73.197,,34.465673960896,1159.09999182,212.16,228.31,6.2,43,4.0,14.26686883,40.15922192
234,Czechia,2013,73.29,,34.4986531986532,1296.55383277,211.19,257.96,5.2,43,4.0,13.51072723,38.14346387
235,Czechia,2014,73.384,,34.5271691271691,1249.22522547,213.05,263.7,5.2,43,4.0,13.21283388,35.94201092
236,Czechia,2015,73.477,,34.5601606009584,1055.9097278,190.4,228.14,5.6,43,4.0,13.19961035,34.64727609
237,Czechia,2016,73.57,,34.579070068644,1082.12039155,198.56,239.5,5.6,43,4.0,12.88593307,34.28955559
238,Czechia,2017,73.675,,34.6025126278979,1281.97432773,221.88,243.37,5.4,43,4.0,13.67365231,33.46718293
239,Czechia,2018,73.792,,34.6259551871519,1482.13306676,248.72,271.07,4.7,43,4.0,13.51556995,30.479933
240,Germany,2000,74.965,,32.5376128385155,1833.38793314,288.09,510.96,12.0,44,4.0,10.80145587,42.10899542
241,Germany,2001,75.17,,32.5580395528805,1834.45042551,288.27,512.22,9.4,44,4.0,10.88414874,40.12846131
242,Germany,2002,75.374,,32.5775382674999,1998.07328616,322.87,569.43,9.4,44,4.0,11.25409563,39.50014326
243,Germany,2003,75.577,,32.5979759754594,2440.50730224,404.83,712.29,9.5,44,4.0,11.40188532,38.45462288
244,Germany,2004,75.779,,32.6174843019755,2625.78082102,485.21,834.04,8.4,44,4.0,11.78862347,37.57057511
245,Germany,2005,75.98,,32.6341897006537,2692.66683939,502.43,865.55,7.7,44,4.0,12.3877552,36.7913185
246,Germany,2006,76.179,,32.653704978206,2782.27511483,536.57,915.77,7.0,44,4.0,12.4900819,36.00799957
247,Germany,2007,76.378,,32.6741618148966,3144.0715701,602.95,,6.3,44,4.0,12.85035001,35.30123655
248,Germany,2008,76.575,,32.6936867165763,3515.12841575,659.32,,5.6,44,4.0,13.36604228,35.08783275
249,Germany,2009,76.771,,32.7113393190098,3536.69092682,649.64,,5.6,44,4.0,13.45913612,33.99156289
250,Germany,2010,76.966,,32.7308718478354,3490.37949493,643.89,,5.5,44,4.0,13.79569737,33.37424982
251,Germany,2011,77.16,,32.7375487720909,3798.92270278,705.59,,5.5,44,4.0,14.42771687,33.02536289
252,Germany,2012,77.17,,32.7451655477133,3595.1677159,675.42,,5.4,44,4.0,14.68796071,32.54665205
253,Germany,2013,77.18,,32.7189864709929,3897.29815826,679.19,,5.6,44,4.0,14.90122346,32.0715606
254,Germany,2014,77.19,,32.7228432215535,4087.52685198,690.42,,5.8,44,4.0,14.85096471,31.24855957
255,Germany,2015,77.2,,32.7323281545606,3559.03619035,605.24,,7.6,44,4.0,15.14467766,30.54300011
256,Germany,2016,77.224,,32.685482024273,3665.82423362,614.97,,7.7,44,4.0,15.40757211,29.96821232
257,Germany,2017,77.261,,32.6845464693591,3929.09316483,655.06,,7.1,44,4.0,15.08666646,28.7603894
258,Germany,2018,77.312,,32.6836109680005,4251.8416085,726.23,,7.0,44,4.0,14.97159029,28.17997365
259,Denmark,2000,85.1,,14.29,2074.39913393,383.3,421.65,13.0,47,4.0,27.33110589,44.0529375
260,Denmark,2001,85.15,,14.327225,2170.75218637,393.41,431.89,11.0,47,4.0,28.02983475,41.91514573
261,Denmark,2002,85.25,,14.36445,2426.8539348,426.51,468.95,8.6,47,4.0,27.34329518,39.81775623
262,Denmark,2003,85.36,,14.401675,3026.66444776,525.08,580.38,8.3,47,4.0,28.15655692,40.46202424
263,Denmark,2004,85.566,,14.4389,3504.77799773,623.83,690.1,7.6,47,4.0,29.1336684,40.82300157
264,Denmark,2005,85.856,,14.476125,3720.54368225,653.49,722.21,8.4,47,4.0,30.19776094,38.98949306
265,Denmark,2006,86.098,,14.51335,4008.06871201,694.2,770.82,7.2,47,4.0,29.73151252,40.8429156
266,Denmark,2007,86.293,,14.550575,4577.48692282,796.3,890.89,7.5,47,4.0,26.43779595,35.31161783
267,Denmark,2008,86.487,,14.5878,5156.95134352,866.52,980.82,6.9,47,4.0,28.29341829,36.76929161
268,Denmark,2009,86.654,,14.625025,5254.76143543,851.41,966.93,6.1,47,4.0,28.27633203,34.00930174
269,Denmark,2010,86.795,,14.66225,5200.32239977,845.95,970.96,6.9,47,4.0,27.97378469,33.94543103
270,Denmark,2011,86.957,,14.8532,5403.97892686,894.77,,7.4,47,4.0,26.8657824,31.59187921
271,Denmark,2012,87.142,,15.04415,5204.01156976,833.56,964.33,7.0,47,4.0,26.75006418,32.82704798
272,Denmark,2013,87.292,,15.2351,5350.14708704,845.49,984.27,6.7,47,4.0,25.47184166,31.62015445
273,Denmark,2014,87.41,,15.42605,5460.88079209,862.64,,6.0,47,4.0,25.50294219,31.90563109
274,Denmark,2015,87.526,,15.617,4660.90738566,744.51,870.97,6.5,47,4.0,25.61353984,29.44014648
275,Denmark,2016,87.642,,15.6165,4734.65313802,760.49,889.68,5.9,47,4.0,24.69479219,28.42210889
276,Denmark,2017,87.757,,15.64,4898.05096956,798.89,935.97,5.1,47,4.0,23.64760644,28.1526783
277,Denmark,2018,87.874,,15.664,5219.89087357,861.62,,5.4,47,4.0,21.88147927,24.7616986
278,Ecuador,2000,60.299,48.33,55.2846674182638,13.94289014,30.73,33.04,68.0,50,3.0,3.273897951,6.530517628
279,Ecuador,2001,60.799,71.49,55.0018883878241,23.90716577,43.59,46.19,58.0,50,3.0,3.787133309,6.480000526
280,Ecuador,2002,61.118,97.71,54.7191093573844,30.85931309,61.21,65.82,55.0,50,3.0,3.500136024,7.22764958
281,Ecuador,2003,61.316,132.66,54.4363303269448,40.67306938,82.32,91.24,64.0,50,3.0,3.186122812,6.318120709
282,Ecuador,2004,61.514,150.5,54.1535512965051,46.84293229,91.62,101.88,58.0,50,3.0,4.162452957,6.493349124
283,Ecuador,2005,61.711,168.63,53.8707722660654,50.72355379,105.95,116.89,40.0,50,3.0,4.030228908,6.874483077
284,Ecuador,2006,61.907,190.53,53.5879932356257,60.72194101,116.14,128.01,41.0,50,3.0,3.552127334,6.349407589
285,Ecuador,2007,62.104,191.11,53.305214205186,73.21218379,105.85,116.97,43.0,50,3.0,3.828230311,6.154573658
286,Ecuador,2008,62.3,229.1,53.0224351747463,89.43258294,125.54,138.65,42.0,50,3.0,3.542883543,6.452523644
287,Ecuador,2009,62.495,241.68,52.7396561443067,100.9746068,125.72,139.6,40.0,50,3.0,4.00461877,6.333262278
288,Ecuador,2010,62.69,283.82,52.456877113867,131.53986146,134.39,147.52,40.0,50,3.0,3.883787234,6.667274195
289,Ecuador,2011,62.851,337.0,52.2885649863102,159.48650612,156.53,176.8,42.0,50,3.0,4.03710127,6.487880622
290,Ecuador,2012,62.988,383.99,52.1202528587534,195.21298372,165.79,188.03,44.0,50,3.0,4.135383209,6.183872444
291,Ecuador,2013,63.125,411.5,51.9519407311966,231.4442174,156.5,179.42,42.0,50,3.0,3.259024103,5.18625897
292,Ecuador,2014,63.261,428.63,51.7836286036399,262.2959377,142.15,165.49,40.0,50,3.0,4.035260145,5.151577737
293,Ecuador,2015,63.398,459.27,51.6153164760831,264.38187882,166.56,193.83,39.0,50,3.0,3.516661357,5.312642341
294,Ecuador,2016,63.534,442.55,51.3565388951522,268.45775,146.69,173.23,40.0,50,3.0,3.818621682,4.805054821
295,Ecuador,2017,63.67,464.02,51.0977613142213,283.88446413,150.48,179.51,43.0,50,3.0,4.138898211,5.269988763
296,Spain,2000,76.262,,34.256372745491,727.27199401,244.53,287.93,23.0,53,4.0,4.586538196,45.56109897
297,Spain,2001,76.343,,34.5805002808313,752.55984512,259.72,302.76,19.0,53,4.0,4.718516995,46.33079913
298,Spain,2002,76.533,,34.8353077909586,845.96814628,288.94,340.15,20.0,53,4.0,5.025821326,44.78234075
299,Spain,2003,76.778,,35.114186414535,1166.75634342,368.5,474.16,27.0,53,4.0,5.247562536,45.00994452
300,Spain,2004,77.022,,35.4070555711367,1372.95994126,426.39,551.31,16.0,53,4.0,5.698724768,44.44355671
301,Spain,2005,77.263,,35.7042517381635,1474.27184908,448.42,586.05,19.0,53,4.0,5.52970551,43.09533629
302,Spain,2006,77.502,,36.002998116157,1616.59028098,471.41,625.57,20.0,53,4.0,5.971269648,42.85324358
303,Spain,2007,77.74,,36.2844202680772,1884.41838185,540.36,721.86,19.0,53,4.0,6.142486178,42.38955686
304,Spain,2008,77.976,,36.5979510825982,2194.99273411,618.23,800.19,19.0,53,4.0,6.63868831,41.47318637
305,Spain,2009,78.21,,36.8992880920868,2205.41138854,558.66,732.31,18.0,53,4.0,6.77809632,41.02088084
306,Spain,2010,78.442,,37.089938201236,2076.74169989,566.03,712.9,17.0,53,4.0,7.489479473,40.34193696
307,Spain,2011,78.673,,37.1019204609106,2137.58934566,593.19,771.33,16.0,53,4.0,7.460896978,39.70937763
308,Spain,2012,78.902,,37.0797784930329,1867.76259261,564.86,722.46,14.0,53,4.0,7.99244991,39.49335316
309,Spain,2013,79.133,,37.0821135123248,1867.10076786,598.85,762.38,13.0,53,4.0,8.353774887,38.3222192
310,Spain,2014,79.366,,37.0844485316167,1882.74496561,619.89,796.77,12.0,53,4.0,8.186011777,37.14954224
311,Spain,2015,79.602,,37.1275324670126,1675.29719585,523.78,673.82,10.0,53,4.0,8.738372076,36.43799269
312,Spain,2016,79.84,,37.142868581403,1700.54858462,521.9,676.07,12.0,53,4.0,8.925554987,36.3877887
313,Spain,2017,80.08,,37.1522339173654,1780.12098261,561.63,744.58,11.0,53,4.0,9.332796201,34.82375738
314,Estonia,2000,69.368,209.71,52.8164661476763,159.51070565,42.71,50.74,65.0,54,4.0,6.962894871,60.57851161
315,Estonia,2001,69.242,214.7,53.0456003774475,168.02286299,41.32,47.23,59.0,54,4.0,7.655467455,57.84407437
316,Estonia,2002,69.116,250.48,53.2747346072187,190.8970456,51.5,59.8,52.0,54,4.0,7.515856661,58.77257605
317,Estonia,2003,68.989,349.06,53.5038688369899,265.55016015,71.6,82.85,49.0,54,4.0,7.268801122,60.01797595
318,Estonia,2004,68.862,455.07,53.733003066761,336.5958372,101.92,115.74,45.0,54,4.0,9.025297043,53.11703486
319,Estonia,2005,68.735,524.68,53.9621372965322,388.3401079,118.77,133.96,41.0,54,4.0,8.070503383,51.0698339
320,Estonia,2006,68.607,600.51,54.1912715263034,449.03341436,139.11,147.85,36.0,54,4.0,8.756073029,56.45612649
321,Estonia,2007,68.479,832.73,54.4204057560746,625.1612277,188.62,203.29,39.0,54,4.0,7.405216205,55.93243499
322,Estonia,2008,68.351,,54.6495399858457,791.95699489,215.23,242.67,34.0,54,4.0,7.971804362,53.83830835
323,Estonia,2009,68.223,963.02,54.8786742156169,743.25765188,195.83,216.33,31.0,54,4.0,7.617524289,46.2349277
324,Estonia,2010,68.094,926.45,55.1078084453881,687.51033433,203.06,222.35,25.0,54,4.0,7.43850915,48.18913309
325,Estonia,2011,67.965,,55.508799245105,761.89769577,219.0,239.62,25.0,54,4.0,8.753131429,46.29216259
326,Estonia,2012,67.974,,55.9097900448219,771.52268893,218.04,237.91,23.0,54,4.0,8.904987352,47.98392059
327,Estonia,2013,68.122,,54.9117552334944,863.86729789,258.75,280.38,23.0,54,4.0,9.557833095,44.01261443
328,Estonia,2014,68.269,,55.3027835288705,959.6121454,303.28,325.2,21.0,54,4.0,9.195761317,47.81424639
329,Estonia,2015,68.416,,55.6938118242466,860.56233716,274.78,293.36,18.0,54,4.0,9.038223905,44.25723085
330,Estonia,2016,68.563,,55.6993328732459,912.33089305,291.68,311.55,16.0,54,4.0,9.596540543,40.16023412
331,Estonia,2017,68.717,,57.0385964912281,992.23490149,336.09,357.53,15.0,54,4.0,8.032246492,40.1258249
332,Estonia,2018,68.88,,57.0385964912281,1143.16687864,383.15,409.9,13.0,54,4.0,8.014619947,41.89131286
333,Finland,2000,82.183,,73.6913227617453,1307.64204754,373.44,419.0,12.0,56,4.0,7.573894872,33.21080773
334,Finland,2001,82.368,,73.6244656751699,1379.82868498,384.15,430.39,10.0,56,4.0,8.071720869,32.46234053
335,Finland,2002,82.503,,73.5576085885945,1581.97560289,427.19,477.14,9.9,56,4.0,8.048778841,31.07314819
336,Finland,2003,82.638,,73.4907515020191,2020.86890221,531.58,592.86,8.7,56,4.0,8.50643676,30.63714219
337,Finland,2004,82.772,,73.4238944154437,2369.49307281,604.55,674.58,7.0,56,4.0,7.916369789,29.15160264
338,Finland,2005,82.905,,73.3570373288683,2518.53783194,633.65,718.28,7.4,56,4.0,8.350264636,29.45457348
339,Finland,2006,83.037,,73.4058597218112,2689.05933855,642.58,725.83,6.1,56,4.0,8.29016366,29.18153615
340,Finland,2007,83.168,,73.3437206090302,3080.91088182,744.48,837.7,6.5,56,4.0,9.14209545,28.83650021
341,Finland,2008,83.299,,73.3225666337611,3536.48763566,833.25,949.87,7.2,56,4.0,9.362542061,26.66622673
342,Finland,2009,83.429,,73.2555577492596,3437.57562596,796.79,912.15,8.7,56,4.0,9.069326306,26.73425032
343,Finland,2010,83.77,,73.1885488647581,3339.34150241,799.47,911.95,6.6,56,4.0,9.672712403,28.07659871
344,Finland,2011,84.313,,73.3008654447333,3734.72058071,856.34,982.57,6.7,56,4.0,9.652743241,25.78868501
345,Finland,2012,84.841,,73.4107736351969,3649.68307052,798.59,923.48,5.5,56,4.0,10.18410083,25.09201153
346,Finland,2013,85.125,,73.5206818256606,3887.41297652,870.54,,5.6,56,4.0,10.11389185,25.31460199
347,Finland,2014,85.175,,73.6305900161243,3916.2642827,868.23,,5.3,56,4.0,10.26495086,22.48887964
348,Finland,2015,85.225,,73.7356454213418,3243.41366416,769.08,884.94,5.6,56,4.0,10.13143908,22.92318915
349,Finland,2016,85.275,,73.7356454213418,3198.11520252,791.91,910.75,4.7,56,4.0,10.15103858,22.84444974
350,Finland,2017,85.325,,73.7332192682285,3304.57099229,806.78,931.26,4.9,56,4.0,9.633117852,22.14882292
351,Finland,2018,85.382,,73.7332192682285,3551.94916025,833.34,969.37,4.8,56,4.0,9.830896229,21.11967099
352,France,2000,75.871,,27.9198709929561,1572.29595064,157.24,589.56,13.0,58,4.0,7.280369099,45.2728258
353,France,2001,76.127,,28.1264210589754,1595.38420949,160.85,597.33,12.0,58,4.0,7.560007614,44.53064476
354,France,2002,76.38,,28.3329711249947,1788.37252027,174.86,661.39,12.0,58,4.0,8.211187498,44.08184632
355,France,2003,76.632,,28.5238935727102,2183.64312079,221.76,822.66,12.0,58,4.0,8.821942171,43.31959226
356,France,2004,76.883,,28.7460712570334,2512.53966384,250.62,946.09,10.0,58,4.0,9.05356237,43.38200816
357,France,2005,77.13,,28.9531500830051,2593.60729683,263.44,981.42,10.0,58,4.0,9.632823311,43.50850475
358,France,2006,77.377,,29.1597039212356,2716.6304043,356.72,,9.9,58,4.0,10.11534251,42.67174237
359,France,2007,77.621,,29.3662577594661,3065.91113162,410.89,,11.0,58,4.0,10.16499908,42.1935951
360,France,2008,77.868,,29.5728115976967,3395.28622912,482.17,,11.0,58,4.0,10.69047288,40.92510456
361,France,2009,78.117,,29.7793654359272,3348.52673268,481.66,,9.6,58,4.0,11.12027606,40.91577882
362,France,2010,78.369,,29.9859192741578,3235.02319063,470.03,,9.3,58,4.0,11.11098488,39.61340159
363,France,2011,78.622,,30.1382321840466,3462.4546035,505.02,,9.1,58,4.0,11.36382277,39.22514751
364,France,2012,78.878,,30.2905450939354,3264.73091351,470.03,,9.0,58,4.0,12.03643298,37.94222636
365,France,2013,79.135,,30.4428580038243,3436.73059874,493.87,,9.0,58,4.0,11.52505239,37.23227508
366,France,2014,79.394,,30.5951709137131,3501.53698915,500.04,,8.6,58,4.0,12.62912467,36.93973404
367,France,2015,79.655,,30.7474838236019,3034.46828756,412.43,,8.5,58,4.0,12.6065709,36.59622462
368,France,2016,79.917,,30.8997967334908,3197.14181618,414.15,,8.8,58,4.0,12.48321709,35.02197601
369,United Kingdom,2000,78.651,,12.2101434299177,1556.97355037,364.97,476.04,12.0,61,4.0,19.91560917,39.03669368
370,United Kingdom,2001,78.751,,12.2535444136734,1607.77687815,335.79,451.85,11.0,61,4.0,19.54437543,37.94250643
371,United Kingdom,2002,79.047,,12.296945397429,1848.25483781,346.65,470.91,13.0,61,4.0,19.72279345,37.43452249
372,United Kingdom,2003,79.339,,12.3403463811846,2196.64480592,458.57,594.62,13.0,61,4.0,19.64201936,35.54141162
373,United Kingdom,2004,79.629,,12.3837473649403,2713.43341997,505.29,659.2,13.0,61,4.0,19.70215777,34.62911355
374,United Kingdom,2005,79.915,,12.4271483486959,2887.76735327,491.9,659.02,15.0,61,4.0,19.86183321,34.13022771
375,United Kingdom,2006,80.199,,12.4705493324515,3153.05068018,536.53,713.52,15.0,61,4.0,20.57793029,33.51866471
376,United Kingdom,2007,80.479,,12.5139503162072,3577.32923636,595.6,798.05,15.0,61,4.0,20.44555236,32.68208364
377,United Kingdom,2008,80.757,,12.5573512999628,3505.15366624,600.68,801.36,15.0,61,4.0,20.835461,32.14680328
378,United Kingdom,2009,81.031,,12.6007522837184,3178.7273463,579.96,744.01,15.0,61,4.0,20.28073897,31.18401507
379,United Kingdom,2010,81.302,,12.6441532674741,3207.3583038,593.87,758.2,14.0,61,4.0,20.24875336,30.06155811
380,United Kingdom,2011,81.57,,12.7235150663415,3403.94008692,629.07,804.36,15.0,61,4.0,20.04312573,29.45060302
381,United Kingdom,2012,81.837,,12.8028768652089,3429.22537959,647.93,823.89,15.0,61,4.0,20.14707353,28.36796018
382,United Kingdom,2013,82.102,,12.8822386640764,3471.21802818,668.56,845.48,13.0,61,4.0,19.71231291,28.01417627
383,United Kingdom,2014,82.365,,12.9616004629438,3792.63337621,731.53,921.21,12.0,61,4.0,19.88525429,27.47071233
384,United Kingdom,2015,82.626,,13.0409622618113,3574.71414873,699.54,871.81,10.0,61,4.0,19.60864969,26.3147097
385,United Kingdom,2016,82.886,,13.0574959699087,3265.31094409,636.03,772.04,9.9,61,4.0,19.19655956,25.98679179
386,Greece,2000,72.716,885.41,27.93040806827,545.6468532,321.16,339.76,7.3,68,4.0,7.507028224,49.15194565
387,Greece,2001,72.913,,28.1643669511249,635.10749389,349.46,369.71,5.2,68,4.0,7.180548558,48.64723737
388,Greece,2002,73.303,,28.398326609775,706.64398939,436.91,462.18,5.9,68,4.0,7.354466382,46.42240694
389,Greece,2003,73.689,,28.63228549263,937.71392632,593.66,628.69,6.1,68,4.0,7.502618534,47.24719607
390,Greece,2004,74.073,,28.8662451512801,1045.11512219,694.56,737.61,7.6,68,4.0,7.322409673,48.11712283
391,Greece,2005,74.452,,29.100204034135,1177.30244372,713.63,757.96,7.2,68,4.0,7.271960412,47.64130156
392,Greece,2006,74.827,,29.3341629169899,1264.75851416,739.96,788.13,6.4,68,4.0,7.412962223,47.29761306
393,Greece,2007,75.199,,29.56812257564,1537.00649634,830.52,889.71,6.4,68,4.0,7.916042659,47.64638286
394,Greece,2008,75.568,,29.802081458495,1855.8395566,914.88,984.64,6.1,68,4.0,8.661710155,48.33652237
395,Greece,2009,75.932,,30.0360411171451,1919.17341071,828.76,889.68,5.6,68,4.0,8.550465054,48.01835568
396,Greece,2010,76.292,,30.27,1766.96422637,724.66,796.91,4.6,68,4.0,9.356182625,47.02251087
397,Greece,2011,76.649,,30.27,1536.7378078,728.77,797.82,4.7,68,4.0,9.270386616,48.00116046
398,Greece,2012,77.004,,30.27,1239.1604873,593.22,706.25,5.4,68,4.0,9.654045066,48.3042551
399,Greece,2013,77.355,,30.27,1124.72885015,618.12,692.24,5.2,68,4.0,10.44726086,49.46663343
400,Greece,2014,77.702,,30.27,967.12383943,632.58,711.16,5.1,68,4.0,10.24721281,49.92207874
401,Greece,2015,78.046,,30.27,854.24318562,533.82,603.26,4.7,68,4.0,10.67667662,48.43083192
402,Greece,2016,78.387,,30.2699767261443,777.79658685,519.17,731.6,4.4,68,4.0,10.94984309,46.75632847
403,Greece,2017,78.724,,30.2699767261443,787.54150421,528.35,719.55,4.7,68,4.0,10.31117,46.60324991
404,Croatia,2000,53.428,371.06,33.7136929460581,315.49635884,51.43,55.57,41.0,74,4.0,10.58118905,59.6726286
405,Croatia,2001,53.642,388.32,33.7762913149234,319.20201979,55.88,69.12,35.0,74,4.0,9.830617328,63.53804097
406,Croatia,2002,53.81,386.44,33.8388896837888,305.33600857,72.0,81.11,37.0,74,4.0,10.50789189,60.78012022
407,Croatia,2003,53.979,512.15,33.8699878493317,416.53426276,85.24,95.62,36.0,74,4.0,11.11764083,60.0140827
408,Croatia,2004,54.147,634.62,33.9325280537488,506.54654589,115.0,128.07,30.0,74,4.0,11.11298585,59.28441854
409,Croatia,2005,54.315,727.13,33.995068258166,617.98044406,97.37,109.15,27.0,74,4.0,11.19443765,57.89216996
410,Croatia,2006,54.483,816.02,34.0576084625831,690.83553835,108.65,125.18,27.0,74,4.0,11.77167367,58.74092297
411,Croatia,2007,54.651,,34.1201486670002,899.78440491,129.03,141.25,25.0,74,4.0,11.895308,57.92305229
412,Croatia,2008,54.819,,34.1826888714173,1055.31819055,182.71,203.55,26.0,74,4.0,12.39349159,56.17628902
413,Croatia,2009,54.987,,34.2452290758345,983.64644925,163.25,203.9,22.0,74,4.0,11.95512824,56.48563509
414,Croatia,2010,55.155,,34.3077692802516,939.49718734,157.21,186.88,18.0,74,4.0,12.99925256,54.14856172
415,Croatia,2011,55.322,,34.314916732185,928.32412898,136.49,204.17,16.0,74,4.0,14.18127355,53.55587563
416,Croatia,2012,55.506,,34.3220641841184,851.29390891,118.16,178.68,14.0,74,4.0,12.95876536,52.22326195
417,Croatia,2013,55.706,889.94,34.3292116360517,756.92166104,78.59,133.0,14.0,74,4.0,13.69123699,51.65912654
418,Croatia,2014,55.923,909.37,34.3363590879851,764.23431119,102.53,145.1,13.0,74,4.0,14.64646865,50.80198523
419,Croatia,2015,56.155,795.51,34.3435065399185,661.18626511,87.07,134.31,13.0,74,4.0,13.88197398,50.94306195
420,Croatia,2016,56.403,840.9,34.3813916088914,696.66451439,92.28,144.19,12.0,74,4.0,13.90560396,50.78683089
421,Croatia,2017,56.667,902.63,34.5151954828104,747.84142758,98.99,154.77,10.0,74,4.0,16.07498821,50.86509368
422,Hungary,2000,64.575,313.11,21.4368444543629,215.56372693,85.68,97.54,35.0,76,4.0,21.17672656,80.12244451
423,Hungary,2001,64.67,359.7,21.5765677304173,240.64538239,103.83,119.05,33.0,76,4.0,21.40110624,78.81330259
424,Hungary,2002,65.081,473.13,21.7162910064718,327.59430456,130.41,145.53,31.0,76,4.0,22.38662382,77.27719949
425,Hungary,2003,65.489,682.87,21.8560142825262,477.88232053,180.24,204.98,31.0,76,4.0,22.82079165,79.26482014
426,Hungary,2004,65.896,798.45,21.9957375585807,555.92113121,206.58,242.53,26.0,76,4.0,22.8437783,78.78932202
427,Hungary,2005,66.365,895.2,22.1379310344828,628.05573478,230.98,267.15,21.0,76,4.0,22.02213929,71.66379465
428,Hungary,2006,66.895,893.2,22.2776699029126,628.40213996,223.72,264.8,19.0,76,4.0,22.36963077,71.84891336
429,Hungary,2007,67.421,,22.4174087713425,680.09439452,271.02,323.16,18.0,76,4.0,25.12372284,73.49484992
430,Hungary,2008,67.943,,22.5571476397723,756.86800194,301.1,360.33,16.0,76,4.0,26.07263934,73.24277922
431,Hungary,2009,68.46,943.69,22.4662321882249,641.5347757,247.9,302.15,15.0,76,4.0,26.41880335,73.76630718
432,Hungary,2010,68.911,983.11,22.6045509775765,655.00323097,269.82,328.11,18.0,76,4.0,27.17362399,73.58563014
433,Hungary,2011,69.358,,22.6364299127361,704.17320842,300.35,359.26,15.0,76,4.0,27.57169248,70.34250481
434,Hungary,2012,69.678,961.14,22.6683088478957,623.20524528,282.55,337.93,13.0,76,4.0,28.4065283,72.12367549
435,Hungary,2013,69.953,990.63,22.7001877830553,655.89449317,281.19,334.74,12.0,76,4.0,28.4164096,66.91340445
436,Hungary,2014,70.227,,22.5502301117686,671.32477167,285.36,334.83,9.3,76,4.0,29.20139443,66.24868749
437,Hungary,2015,70.5,870.52,22.5818540433925,590.08395664,239.29,280.44,10.0,76,4.0,29.57914762,64.37661406
438,Hungary,2016,70.779,914.19,22.5589524435678,619.01049735,253.13,295.18,8.6,76,4.0,28.47103063,65.54901919
439,Hungary,2017,71.062,984.41,22.5429541968004,673.72674791,268.43,310.68,7.6,76,4.0,29.24044508,62.46042344
440,Hungary,2018,71.351,,22.5281612973921,747.29234528,289.44,332.55,7.1,76,4.0,28.15414478,61.57520639
441,Ireland,2000,59.155,,9.15023951226593,1212.97553375,189.61,351.86,12.0,79,4.0,19.81036309,40.10864547
442,Ireland,2001,59.399,,9.28091159820003,1430.51244155,194.17,393.22,12.0,79,4.0,17.37483332,37.67964994
443,Ireland,2002,59.649,,9.41158368413413,1738.08906564,230.31,462.27,11.0,79,4.0,17.7696022,36.76620183
444,Ireland,2003,59.925,,9.54225577006822,2292.74260723,382.74,618.19,12.0,79,4.0,18.59511169,37.74108138
445,Ireland,2004,60.202,,9.67292785600232,2748.78681208,425.6,734.37,12.0,79,4.0,19.55622996,36.65349369
446,Ireland,2005,60.477,,9.80359994193642,3105.96676879,533.74,832.22,12.0,79,4.0,19.55472628,33.75998665
447,Ireland,2006,60.738,,9.93427202787052,3227.519565,577.68,919.61,12.0,79,4.0,19.29742973,33.56424534
448,Ireland,2007,60.94,,10.0649441138046,3849.66909269,562.21,,11.0,79,4.0,18.27846424,34.36291134
449,Ireland,2008,61.141,,10.1956161997387,4472.76311394,668.93,,11.0,79,4.0,18.96549272,31.8599907
450,Ireland,2009,61.342,,10.3262882856728,4241.16935267,698.9,,11.0,79,4.0,18.35310327,33.2538409
451,Ireland,2010,61.542,,10.4569603716069,3910.55039097,708.19,,9.8,79,4.0,17.97705658,29.24270699
452,Ireland,2011,61.742,,10.5565103788649,3996.09913216,772.2,,9.8,79,4.0,19.13667526,31.9336006
453,Ireland,2012,61.942,,10.6560603861228,3746.5812745,725.63,,8.6,79,4.0,17.82416946,30.54165902
454,Ireland,2013,62.141,,10.7556103933808,3761.5351061,761.46,,8.9,79,4.0,18.16135333,29.93210369
455,Ireland,2014,62.34,,10.8551604006387,3784.5730749,762.71,,7.4,79,4.0,20.75084451,28.80541892
456,Ireland,2015,62.538,,10.9547104078966,3284.60896672,602.71,,7.3,79,4.0,17.89185941,27.34029649
457,Iceland,2000,92.401,,0.297556109725686,2305.15813607,514.14,548.57,5.3,82,4.0,26.18039073,26.22228722
458,Iceland,2001,92.532,,0.312359102244389,2037.74028112,456.92,436.8,4.8,82,4.0,23.85338032,30.51361836
459,Iceland,2002,92.662,,0.327162094763092,2477.82448398,526.86,566.97,3.2,82,4.0,23.0424766,25.13596868
460,Iceland,2003,92.789,,0.341965087281795,3118.62616833,667.18,718.47,2.0,82,4.0,25.85398331,25.97198079
461,Iceland,2004,92.914,,0.356768079800499,3570.93868601,781.0,840.4,4.3,82,4.0,26.97184975,23.03368246
462,Iceland,2005,93.037,,0.371571072319202,4111.95437544,892.86,964.42,3.9,82,4.0,25.29115756,34.1172238
463,Iceland,2006,93.159,,0.386374064837905,4009.83610631,832.92,905.22,4.9,82,4.0,27.49478798,28.34182295
464,Iceland,2007,93.278,,0.401177057356608,4757.05587759,955.29,,4.4,82,4.0,24.12598221,31.26050284
465,Iceland,2008,93.395,,0.415980049875312,3902.39984799,772.35,844.29,2.2,82,4.0,27.00826117,24.41458147
466,Iceland,2009,93.511,,0.430783042394015,2955.99162705,611.01,664.84,3.2,82,4.0,23.62558013,24.38234581
467,Iceland,2010,93.574,,0.445586034912718,2884.60597365,674.05,727.45,7.9,82,4.0,25.8479553,27.27984418
468,Iceland,2011,93.587,,0.452548628428928,3128.71052574,723.58,781.87,2.9,82,4.0,23.76092774,25.75206322
469,Iceland,2012,93.6,,0.459511221945137,3004.93259257,698.13,754.96,3.6,82,4.0,25.81040891,24.21439985
470,Iceland,2013,93.633,,0.466473815461347,3264.32207596,742.76,804.24,3.9,82,4.0,20.89546691,23.36659329
471,Iceland,2014,93.667,,0.473436408977556,3612.1960901,806.87,875.33,2.8,82,4.0,21.59383457,22.12940512
472,Iceland,2015,93.7,,0.480399002493766,3450.52805664,753.25,819.41,2.4,82,4.0,22.0306248,15.83488797
473,Iceland,2016,93.735,,0.485386533665835,4088.26091055,846.04,927.47,2.1,82,4.0,23.74954795,23.27638164
474,Iceland,2017,93.773,,0.492568578553616,4866.71171132,977.92,,4.4,82,4.0,16.84728514,21.55794275
475,Iceland,2018,93.813,,0.496280868789051,5135.58013192,993.5,,2.6,82,4.0,17.31990892,19.03797879
476,Israel,2000,91.203,,7.07024029574861,928.62019743,433.98,508.74,10.0,83,4.0,9.633340167,27.09705525
477,Israel,2001,91.267,,7.07486136783734,949.48806302,459.43,534.9,9.4,83,4.0,8.990026419,27.43159376
478,Israel,2002,91.33,,7.07948243992606,871.80961274,379.21,459.9,8.4,83,4.0,9.293631514,28.60268905
479,Israel,2003,91.393,,7.08410351201479,868.88142869,397.92,493.06,8.4,83,4.0,9.454824445,26.81597306
480,Israel,2004,91.456,,7.08872458410351,891.54048694,414.55,518.99,8.0,83,4.0,8.980201957,28.40069753
481,Israel,2005,91.518,,7.09334565619224,906.31984718,457.36,575.05,6.4,83,4.0,9.383926858,25.59322533
482,Israel,2006,91.58,,7.09796672828096,971.14476259,400.86,564.74,5.7,83,4.0,9.523068833,27.5110926
483,Israel,2007,91.641,,7.10258780036969,1074.07698566,472.63,675.5,6.6,83,4.0,9.01748418,25.77175847
484,Israel,2008,91.702,,7.10720887245841,1304.46771718,539.52,794.45,5.2,83,4.0,8.70911101,25.13413233
485,Israel,2009,91.763,,7.11182994454713,1246.51900577,517.6,763.18,5.5,83,4.0,9.04041929,24.44661741
486,Israel,2010,91.826,,7.11645101663586,1407.03548026,533.49,804.46,5.3,83,4.0,9.664283304,27.04945704
487,Israel,2011,91.892,,7.2181146025878,1530.91133596,581.15,882.14,6.4,83,4.0,10.55788151,24.6269532
488,Israel,2012,91.96,,7.31977818853974,1508.92061558,564.18,867.2,7.7,83,4.0,9.527814464,24.01798823
489,Israel,2013,92.031,,7.42144177449168,1700.37394654,607.4,943.61,4.6,83,4.0,9.191284631,24.73189445
490,Israel,2014,92.104,,7.52310536044362,1777.88421296,647.99,,5.3,83,4.0,10.03985016,24.79112225
491,Israel,2015,92.179,,7.62476894639556,1687.33095074,598.68,936.0,4.0,83,4.0,9.620090062,24.15972729
492,Israel,2016,92.256,,6.46950092421442,1773.6272069,639.31,990.1,3.5,83,4.0,8.941159931,23.12309958
493,Israel,2017,92.336,,6.46950092421442,1976.45334827,693.99,,3.2,83,4.0,8.240433458,21.57920984
494,Israel,2018,92.418,,6.46950092421442,2082.00685773,703.08,,4.0,83,4.0,8.743316411,21.35994035
495,Italy,2000,67.222,,28.3014561169763,1107.17941921,403.38,417.06,7.1,84,4.0,8.397876242,46.83580069
496,Italy,2001,67.282,,28.5242325458714,1184.00605505,388.36,402.67,8.6,84,4.0,8.523854643,46.17862021
497,Italy,2002,67.382,,28.7470089747665,1321.17311345,425.22,441.36,7.9,84,4.0,8.908959898,44.9816404
498,Italy,2003,67.501,,28.9697854036616,1629.48603057,513.05,533.54,8.7,84,4.0,8.655419779,43.8103096
499,Italy,2004,67.62,,29.1925618325567,1956.13715899,585.8,609.49,7.9,84,4.0,8.87097201,41.86232843
500,Italy,2005,67.738,,29.4153382614518,2074.79723855,578.51,602.76,7.6,84,4.0,8.84937887,40.78078268
501,Italy,2006,67.856,,29.6381146903469,2202.43568569,603.86,630.26,8.2,84,4.0,9.144805898,40.01245942
502,Italy,2007,67.974,,29.860891119242,2396.37122443,665.4,696.21,5.4,84,4.0,9.526065545,39.10251131
503,Italy,2008,68.092,,30.0836675481371,2721.82867815,747.75,782.28,8.0,84,4.0,9.603412632,38.06239236
504,Italy,2009,68.209,,30.3064439770322,2613.62973054,689.7,724.12,7.9,84,4.0,9.817780916,37.35078004
505,Italy,2010,68.327,,30.5292204059273,2524.38775333,661.2,693.3,8.7,84,4.0,9.885278014,36.58040067
506,Italy,2011,68.444,,30.7111775407652,2612.2653196,747.16,779.72,6.6,84,4.0,10.26882153,35.62686841
507,Italy,2012,68.684,,30.8931346756031,2341.78854443,681.59,744.51,5.9,84,4.0,10.23799579,34.24177965
508,Italy,2013,68.979,,31.075091810441,2385.81957867,699.96,763.42,5.8,84,4.0,10.41262768,33.15603809
509,Italy,2014,69.272,,31.2570489452789,2379.11038565,710.97,775.17,6.4,84,4.0,10.49060635,32.00719576
510,Italy,2015,69.565,,31.4390060801169,1991.64731916,627.89,684.02,6.6,84,4.0,10.69838869,31.42440547
511,Italy,2016,69.855,,31.6209699781549,2008.62916292,629.67,691.1,7.2,84,4.0,10.69446562,30.19940582
512,Italy,2017,70.144,,31.8029338761929,2071.75876188,668.88,737.96,7.3,84,4.0,10.91293154,29.37179576
513,Japan,2000,78.649,,68.2469135802469,2216.86102478,438.69,539.38,36.0,87,4.0,8.453661558,31.09061889
514,Japan,2001,79.99,,68.2716049382716,2017.99706408,393.45,474.46,32.0,87,4.0,8.346968431,30.54722583
515,Japan,2002,81.647,,68.2962962962963,1950.84329528,386.01,464.97,30.0,87,4.0,8.073419891,30.28600584
516,Japan,2003,83.196,,68.320987654321,2122.03904541,448.13,531.71,29.0,87,4.0,7.60683851,29.46982939
517,Japan,2004,84.64,,68.3456790123457,2318.2692738,479.08,569.67,27.0,87,4.0,7.909384287,30.09133976
518,Japan,2005,85.978,,68.3703703703704,2349.98020801,453.78,545.23,24.0,87,4.0,8.028338424,29.87912778
519,Japan,2006,87.118,,68.3950617283951,2221.36266289,454.17,544.23,23.0,87,4.0,8.025551702,29.323297
520,Japan,2007,88.146,,68.4197530864198,2261.37832697,431.82,521.88,22.0,87,4.0,7.991801888,29.31597448
521,Japan,2008,89.103,,68.4444444444444,2617.96598061,491.47,607.3,22.0,87,4.0,8.024873568,29.02059106
522,Japan,2009,89.989,,68.4691358024691,3006.87702722,560.7,691.88,21.0,87,4.0,7.824677453,28.40841792
523,Japan,2010,90.812,,68.4938271604938,3337.99427391,593.65,736.35,20.0,87,4.0,7.931291958,28.43932005
524,Japan,2011,91.069,,68.481755829904,4276.54887588,670.12,830.35,20.0,87,4.0,7.832758927,27.86222408
525,Japan,2012,91.148,,68.4696844993141,4394.1205313,679.16,841.3,19.0,87,4.0,7.802387057,27.49358113
526,Japan,2013,91.226,,68.4576131687243,3671.82202461,553.48,685.86,18.0,87,4.0,7.80454622,27.19663447
527,Japan,2014,91.304,,68.4455418381344,3466.94303992,530.43,654.59,18.0,87,4.0,7.784939152,26.7272359
528,Japan,2015,91.381,,68.4334705075446,3157.24622589,486.17,597.67,17.0,87,4.0,7.582288769,26.38464201
529,Japan,2016,91.457,,68.4224965706447,3529.3217994,539.85,670.39,16.0,87,4.0,7.436815189,25.18212034
530,Japan,2017,91.535,,68.4087791495199,3493.54079767,524.97,654.83,15.0,87,4.0,6.98402841,24.52126426
531,Japan,2018,91.616,,68.4087791495199,3592.09517323,557.21,695.9,14.0,87,4.0,7.133985375,23.61644901
532,Lithuania,2000,66.986,217.18,32.2271857051691,146.06617665,58.97,71.02,85.0,104,4.0,4.959415059,54.32145545
533,Lithuania,2001,66.919,218.82,32.4664964901085,153.61994723,60.36,65.04,84.0,104,4.0,5.645343688,55.49261154
534,Lithuania,2002,66.828,254.37,32.7058072750479,185.21337195,65.12,68.83,79.0,104,4.0,4.679961745,55.01251365
535,Lithuania,2003,66.737,338.86,32.9451180599872,251.82568954,81.94,86.54,87.0,104,4.0,5.954029772,53.74187491
536,Lithuania,2004,66.646,366.96,33.1844288449266,229.81608153,120.8,136.91,68.0,104,4.0,5.605675331,51.19922828
537,Lithuania,2005,66.635,438.93,33.423739629866,266.45205559,143.88,172.12,72.0,104,4.0,5.521796905,50.0756061
538,Lithuania,2006,66.706,536.06,33.6630504148054,334.65510434,170.76,201.05,82.0,104,4.0,5.793281642,53.6616445
539,Lithuania,2007,66.777,704.29,33.9023611997447,463.64663757,200.05,240.01,79.0,104,4.0,5.080855443,53.15105085
540,Lithuania,2008,66.848,936.51,34.1443956920622,662.31682073,263.85,273.28,75.0,104,4.0,5.614965735,49.85026195
541,Lithuania,2009,66.842,864.74,34.3837255684085,621.53475345,231.9,242.29,69.0,104,4.0,6.117089959,49.88142499
542,Lithuania,2010,66.757,805.22,34.6230554447547,572.43267481,222.17,231.44,64.0,104,4.0,4.830684163,48.60341236
543,Lithuania,2011,66.741,925.47,34.6778568465392,650.90012872,261.18,272.98,65.0,104,4.0,4.844499004,50.22989595
544,Lithuania,2012,66.864,896.94,34.7321058174043,597.50173685,285.23,298.19,61.0,104,4.0,6.309342622,46.63414681
545,Lithuania,2013,66.986,958.93,34.7857997606701,628.96513904,314.73,328.58,60.0,104,4.0,6.492255047,45.18270668
546,Lithuania,2014,67.108,,34.853950518755,679.87536795,321.61,340.01,57.0,104,4.0,6.298585829,45.23788525
547,Lithuania,2015,67.23,920.2,34.9082202713488,608.13895331,292.97,309.37,54.0,104,4.0,5.773737546,45.85674718
548,Lithuania,2016,67.366,988.53,34.9605695859008,650.03190771,319.46,336.2,53.0,104,4.0,6.248951311,42.21666479
549,Lithuania,2017,67.516,,35.0569116074137,705.84750951,353.04,375.82,50.0,104,4.0,6.629611529,39.081276
550,Lithuania,2018,67.679,,35.0950023950184,824.25903927,393.64,420.86,43.0,104,4.0,6.118226462,38.40991954
551,Latvia,2000,68.067,181.57,52.0835007311939,92.15301075,86.53,89.42,95.0,106,4.0,5.78204979,55.96429448
552,Latvia,2001,67.95,205.02,52.2942131229209,99.9082493,100.15,105.11,97.0,106,4.0,6.224560273,60.56479359
553,Latvia,2002,67.85,237.3,52.504925514648,117.65004711,112.91,119.65,89.0,106,4.0,6.058577046,56.99255306
554,Latvia,2003,67.8,280.51,52.715637906375,139.77731912,136.22,140.73,85.0,106,4.0,6.411806731,55.14901867
555,Latvia,2004,67.9,393.3,52.9263502981021,220.93496207,159.8,170.59,80.0,106,4.0,5.724705864,55.25207974
556,Latvia,2005,68.0,440.81,53.1370626898292,245.52303331,183.78,193.9,73.0,106,4.0,6.885347487,53.8637238
557,Latvia,2006,67.967,552.3,53.3477750815562,339.86211225,196.61,212.44,67.0,106,4.0,7.026279781,59.07579077
558,Latvia,2007,67.9,775.19,53.5584874732833,471.773942,285.49,302.6,65.0,106,4.0,7.253059356,52.54265351
559,Latvia,2008,67.834,913.52,53.7691998650104,551.09923525,340.8,361.52,56.0,106,4.0,5.230638809,53.78605703
560,Latvia,2009,67.814,744.66,53.9799122567374,444.18173688,288.8,296.91,51.0,106,4.0,6.363313943,52.73109628
561,Latvia,2010,67.841,689.08,54.1906246484645,414.72000041,256.24,274.31,50.0,106,4.0,6.370189993,50.96398999
562,Latvia,2011,67.869,764.59,54.2527198804378,485.49610847,262.23,279.1,48.0,106,4.0,7.03075623,49.01204145
563,Latvia,2012,67.897,745.52,54.314815112411,449.90358253,281.98,295.61,54.0,106,4.0,7.165733618,47.98523893
564,Latvia,2013,67.925,807.13,54.3769103443843,484.39172674,310.51,322.74,49.0,106,4.0,7.018812298,47.2343639
565,Latvia,2014,67.952,856.77,54.4390055763575,511.25311062,335.05,345.51,42.0,106,4.0,6.361092737,45.50250794
566,Latvia,2015,67.98,775.86,54.5011008083308,455.29190463,314.51,320.77,40.0,106,4.0,7.612933958,40.43975048
567,Latvia,2016,68.021,874.8,54.5632924614717,488.53239027,380.03,385.92,37.0,106,4.0,6.368241937,43.4758263
568,Latvia,2017,68.075,932.5,54.6254841146126,533.06925711,391.71,397.9,32.0,106,4.0,7.189173915,45.59201718
569,Latvia,2018,68.142,,54.6876757677536,657.76699444,433.35,441.91,28.0,106,4.0,7.702718257,41.42564793
570,Mexico,2000,74.722,321.8,35.1764963090614,145.51016734,168.06,176.29,23.0,112,3.0,5.048631286,12.82579213
571,Mexico,2001,75.045,366.98,35.1025211553795,160.58203374,196.07,206.4,24.0,112,3.0,4.830116688,12.83423527
572,Mexico,2002,75.365,388.03,35.0285460016976,165.64705387,210.93,222.38,22.0,112,3.0,5.049555712,12.71304468
573,Mexico,2003,75.682,414.04,34.9545708480156,171.86464799,230.47,242.18,23.0,112,3.0,4.844590015,12.53689677
574,Mexico,2004,75.997,448.06,34.8805956943337,194.71793369,240.58,253.34,18.0,112,3.0,4.834383425,12.09793869
575,Mexico,2005,76.308,485.67,34.8066205406518,205.13186629,265.13,280.54,22.0,112,3.0,4.619270593,12.07313519
576,Mexico,2006,76.616,516.06,34.7326453869698,221.01515966,277.46,295.05,21.0,112,3.0,4.701086356,11.09092519
577,Mexico,2007,76.92,560.49,34.6586702332879,245.59919272,294.24,314.9,21.0,112,3.0,4.290527122,10.06016975
578,Mexico,2008,77.222,576.72,34.584695079606,264.79068981,280.26,311.92,21.0,112,3.0,4.239261296,9.970535154
579,Mexico,2009,77.52,496.81,34.510719925924,231.85562369,235.26,264.96,21.0,112,3.0,4.083983165,9.416648256
580,Mexico,2010,77.815,539.27,34.4367447722421,270.81239521,234.63,268.45,22.0,112,3.0,4.044382563,9.081701211
581,Mexico,2011,78.111,570.73,34.3737390364979,301.36783265,232.48,269.36,21.0,112,3.0,4.035176645,8.568864633
582,Mexico,2012,78.405,587.83,34.3107333007536,312.03182498,238.9,275.8,22.0,112,3.0,3.611371076,7.988226809
583,Mexico,2013,78.699,631.21,34.2477275650094,339.28453398,251.72,291.93,22.0,112,3.0,3.756046324,7.722139608
584,Mexico,2014,78.993,615.1,34.1847218292652,320.35615715,251.41,294.75,22.0,112,3.0,3.748289818,7.644372574
585,Mexico,2015,79.285,558.17,34.1217160935209,291.36754748,229.09,266.8,22.0,112,3.0,3.783196585,7.526339384
586,Mexico,2016,79.577,492.87,34.0559942385349,252.74440217,203.91,240.13,22.0,112,3.0,3.807199232,7.340662285
587,Mexico,2017,79.867,514.89,33.9902672393837,260.20141038,215.16,254.69,23.0,112,3.0,3.731802907,7.119757691
588,Malta,2000,92.368,647.1,1.09375,464.58569134,170.66,180.15,4.6,116,4.0,7.664731429,34.11311154
589,Malta,2001,92.641,685.98,1.09375,471.04235186,203.51,212.66,4.6,116,4.0,5.830104714,39.57916477
590,Malta,2002,92.905,830.65,1.09375,584.79408547,238.69,245.85,6.8,116,4.0,4.469145694,40.19684123
591,Malta,2003,93.16,,1.09375,750.16026833,309.73,326.77,2.0,116,4.0,5.400879847,35.47511261
592,Malta,2004,93.407,,1.09375,851.10897808,344.79,372.75,5.1,116,4.0,4.094729208,33.405678
593,Malta,2005,93.645,,1.09375,953.74293433,398.16,425.94,6.2,116,4.0,4.552946105,31.5617255
594,Malta,2006,93.784,,1.09375,1009.83597931,436.77,467.75,8.4,116,4.0,5.143133642,33.60610046
595,Malta,2007,93.857,,1.09375,1066.33174096,496.05,529.79,11.0,116,4.0,5.878146196,28.41928071
596,Malta,2008,93.929,,1.09375,1133.95119434,577.74,617.21,13.0,116,4.0,4.973898628,34.50288458
597,Malta,2009,94.001,,1.09375,1088.93284222,544.47,588.43,12.0,116,4.0,6.177990894,31.54998877
598,Malta,2010,94.072,,1.09375,1119.52787199,572.56,614.14,8.0,116,4.0,8.488946788,32.20139396
599,Malta,2011,94.141,,1.09375,1263.15046516,650.0,696.91,8.1,116,4.0,7.764509338,30.2692907
600,Malta,2012,94.211,,1.09375,1246.24567797,609.28,652.36,11.0,116,4.0,7.765807837,31.97219556
601,Malta,2013,94.279,,1.09375,1432.90885625,641.04,685.03,13.0,116,4.0,7.76677949,24.9303401
602,Malta,2014,94.347,,1.09375,1513.52882396,895.57,942.67,12.0,116,4.0,5.312941351,31.12974743
603,Malta,2015,94.414,,1.09375,1364.75106157,834.49,878.43,8.1,116,4.0,8.040513819,31.32821568
604,Malta,2016,94.48,,1.1875,1462.9821721,815.59,858.17,12.0,116,4.0,9.873976422,27.04052554
605,Malta,2017,94.546,,1.3125,1604.95290258,898.83,946.76,10.0,116,4.0,10.09352785,26.3031718
606,Norway,2000,76.02,,33.1641313751903,2408.76086707,529.08,540.17,5.7,130,4.0,15.8368144,29.80998443
607,Norway,2001,76.378,,33.1611196898512,2565.97762256,525.49,533.03,7.0,130,4.0,16.61190353,29.81910317
608,Norway,2002,76.733,,33.1581080045121,3224.19055169,654.5,665.77,6.2,130,4.0,15.83191412,31.79360933
609,Norway,2003,77.084,,33.1550963191729,3852.75858623,768.95,779.81,8.4,130,4.0,16.39168675,30.44724354
610,Norway,2004,77.399,,33.1520846338338,4231.67411749,854.42,865.67,7.1,130,4.0,17.2105946,29.8146152
611,Norway,2005,77.675,,33.1490729484947,4638.14902555,933.43,946.54,6.9,130,4.0,17.37140646,28.61836374
612,Norway,2006,77.95,,33.1460612631556,4911.31004788,969.55,981.68,6.8,130,4.0,17.00709966,29.48586068
613,Norway,2007,78.234,,33.1430495778165,5771.65948627,,,6.9,130,4.0,18.36549395,29.14157502
614,Norway,2008,78.526,,33.1400378924774,6535.64352921,,,7.2,130,4.0,18.98789219,27.7859851
615,Norway,2009,78.815,,33.1370262071382,6165.48536617,,,7.8,130,4.0,16.7205028,28.0873914
616,Norway,2010,79.102,,33.1340145217991,6655.48143584,,,6.9,130,4.0,18.44151691,27.63826867
617,Norway,2011,79.455,,33.1553701087492,7513.96779489,,,7.4,130,4.0,18.10579722,26.87030897
618,Norway,2012,79.874,,33.1767256956993,7602.64536803,,,7.9,130,4.0,17.54539738,25.73456474
619,Norway,2013,80.286,,33.2090866046879,7857.19468131,,,8.2,130,4.0,17.84343309,24.3666798
620,Norway,2014,80.692,,33.2318108614437,7776.91543645,,,6.8,130,4.0,17.70834829,23.73890815
621,Norway,2015,81.091,,33.2456439881958,6469.64953836,,,6.3,130,4.0,17.31325196,22.71340895
622,Norway,2016,81.485,,33.271099733249,6400.70000001,,,6.1,130,4.0,17.23812451,21.98269426
623,New Zealand,2000,86.021,,37.4100489916828,785.81113492,162.05,269.15,10.0,133,4.0,17.1386041,31.4225278
624,New Zealand,2001,86.1,,37.4091679009532,771.54784273,179.09,282.75,11.0,133,4.0,19.12623816,29.99138781
625,New Zealand,2002,86.161,,37.4082868102237,937.38108768,200.86,313.57,9.6,133,4.0,18.02800819,29.56479588
626,New Zealand,2003,86.221,,37.4074057194941,1216.88022514,247.88,394.93,12.0,133,4.0,19.38172795,28.36711065
627,New Zealand,2004,86.281,,37.4065246287646,1527.79888042,279.76,455.41,10.0,133,4.0,19.14028489,30.68244213
628,New Zealand,2005,86.341,,37.405643538035,1767.18353058,323.14,529.42,9.2,133,4.0,16.93305454,27.47740823
629,New Zealand,2006,86.4,,37.4047624473055,1780.00076399,319.0,525.06,9.5,133,4.0,19.05505028,25.54986985
630,New Zealand,2007,86.34,,37.4038813565759,2146.40362002,310.03,560.45,7.5,133,4.0,17.98711216,25.68918628
631,New Zealand,2008,86.28,,37.4030002658463,2213.32667343,377.35,637.86,7.9,133,4.0,20.00200843,25.37437121
632,New Zealand,2009,86.22,,37.4021191751168,2109.16509015,335.33,604.62,8.0,133,4.0,18.39147274,24.40907971
633,New Zealand,2010,86.16,,37.4012380843872,2531.11061823,386.7,702.68,8.0,133,4.0,18.43728228,24.4460706
634,New Zealand,2011,86.1,,37.4000911473169,2880.81439814,442.42,776.0,8.0,133,4.0,18.68862224,23.68747935
635,New Zealand,2012,86.161,,37.3989442102465,3027.45090877,472.97,828.62,7.6,133,4.0,17.12332698,22.87124482
636,New Zealand,2013,86.221,,37.3977972731761,3117.1600561,496.7,897.83,7.0,133,4.0,18.0375913,21.18950177
637,New Zealand,2014,86.281,,37.3966503361057,3246.63299294,538.79,946.15,7.6,133,4.0,17.45827421,21.59846648
638,New Zealand,2015,86.341,,37.3955033990354,2689.69061996,481.26,911.23,7.3,133,4.0,18.15308536,22.19496489
639,New Zealand,2016,86.4,,37.396035091717,2787.85693265,507.65,951.51,7.3,133,4.0,17.13410909,21.23852011
640,Poland,2000,61.716,238.0,29.5765451043129,162.34986038,74.56,75.65,33.0,141,4.0,12.53225318,68.89072248
641,Poland,2001,61.761,282.82,29.6646968559209,198.9427525,82.56,83.88,30.0,141,4.0,12.77708095,69.21095232
642,Poland,2002,61.787,315.83,29.7528486075288,220.94201269,84.21,94.89,30.0,141,4.0,13.60912207,69.24304441
643,Poland,2003,61.676,339.34,29.8458725182863,232.69796499,95.19,106.57,30.0,141,4.0,13.88696902,66.40494887
644,Poland,2004,61.564,392.0,29.9252440178892,264.45445015,116.8,127.53,26.0,141,4.0,13.44075221,66.00677492
645,Poland,2005,61.452,465.7,30.0133842588059,319.11380912,130.63,146.57,24.0,141,4.0,14.21631758,64.57832741
646,Poland,2006,61.341,524.1,30.1025071820319,361.50621221,143.16,162.58,24.0,141,4.0,14.45704475,63.45670819
647,Poland,2007,61.229,660.92,30.1906503003395,460.57298699,176.27,200.35,24.0,141,4.0,15.39940302,61.66011477
648,Poland,2008,61.116,892.6,30.2807704864512,635.56708166,218.09,257.02,22.0,141,4.0,15.44854454,61.4550444
649,Poland,2009,61.004,759.61,30.3709024422097,544.98155393,186.25,214.62,23.0,141,4.0,16.00618434,58.33348409
650,Poland,2010,60.892,809.2,30.4590570719603,577.36409892,193.12,231.84,21.0,141,4.0,16.29890076,56.58330202
651,Poland,2011,60.78,866.09,30.5234627567515,615.15039401,207.55,250.94,24.0,141,4.0,16.19325033,54.41387895
652,Poland,2012,60.654,815.14,30.5838939324669,569.2004259,197.87,245.94,21.0,141,4.0,16.43084004,53.94147199
653,Poland,2013,60.529,878.09,30.6443290552235,617.25390684,209.0,259.61,21.0,141,4.0,16.68772519,52.17338451
654,Poland,2014,60.403,911.3,30.7057709265489,637.32154653,209.7,273.63,19.0,141,4.0,18.05830879,50.31751021
655,Poland,2015,60.278,803.96,30.7652111434077,557.41096533,187.43,246.24,19.0,141,4.0,17.88707232,50.38961831
656,Poland,2016,60.178,813.47,30.8142003331265,559.74868429,187.75,253.57,18.0,141,4.0,17.71660453,48.69470985
657,Poland,2017,60.105,909.58,30.8533916849015,625.99757797,209.72,283.3,17.0,141,4.0,17.83354037,45.4714108
658,Poland,2018,60.058,978.74,30.8946010386387,695.74820078,203.52,282.42,16.0,141,4.0,17.86706069,44.73778543
659,Portugal,2000,54.399,995.34,35.8579234972678,694.12732192,255.95,300.81,47.0,143,4.0,5.015315742,28.14771414
660,Portugal,2001,55.044,,35.8262295081967,712.62673235,254.99,302.51,48.0,143,4.0,4.371325737,28.04994333
661,Portugal,2002,55.666,,35.7945355191257,820.27834889,264.11,318.61,48.0,143,4.0,5.284916428,28.57065944
662,Portugal,2003,56.287,,35.7628415300546,1019.10206712,341.95,423.66,44.0,143,4.0,5.166117158,29.97790145
663,Portugal,2004,56.907,,35.7311475409836,1216.32892542,405.17,506.67,40.0,143,4.0,5.156112908,29.73908701
664,Portugal,2005,57.522,,35.71116212966,1286.41444308,429.64,527.19,36.0,143,4.0,5.274748,29.56769232
665,Portugal,2006,58.137,,35.679457745709,1178.48650964,474.16,678.34,35.0,143,4.0,5.326321575,29.2032037
666,Portugal,2007,58.749,,35.647753361758,1324.76991499,547.28,786.8,32.0,143,4.0,5.464114775,28.96887182
667,Portugal,2008,59.359,,35.6160489778069,1495.02653771,631.33,895.82,31.0,143,4.0,5.455279571,27.31236934
668,Portugal,2009,59.964,,35.5377224587837,1497.20646719,589.06,848.13,29.0,143,4.0,6.03220507,28.15309387
669,Portugal,2010,60.567,,35.5060596134949,1502.7827684,558.24,755.41,28.0,143,4.0,5.536041387,29.31210293
670,Portugal,2011,61.167,,35.6370782836554,1455.22584268,601.31,799.56,27.0,143,4.0,6.172619063,29.00521058
671,Portugal,2012,61.763,,35.7680969538159,1213.34965289,585.75,765.56,27.0,143,4.0,6.093014859,28.35406471
672,Portugal,2013,62.352,,35.893158903643,1264.86258878,584.7,764.62,26.0,143,4.0,6.353700451,31.00476261
673,Portugal,2014,62.936,,36.0239985328408,1271.80531652,604.27,786.87,24.0,143,4.0,6.346428063,29.16623559
674,Portugal,2015,63.514,,36.154994891142,1104.21738617,528.83,685.24,23.0,143,4.0,7.204577938,28.66278049
675,Portugal,2016,64.086,,36.154994891142,1154.66028991,551.91,718.88,20.0,143,4.0,6.89770631,29.09170754
676,Portugal,2017,64.652,,36.154994891142,1221.57384167,593.19,774.6,20.0,143,4.0,6.921171559,29.58293509
677,Portugal,2018,65.211,,36.154994891142,1355.4599458,663.06,859.29,21.0,143,4.0,7.064528198,29.01685829
678,Romania,2000,53.004,69.89,27.7132036045449,55.39739126,13.57,14.5,144.0,147,4.0,7.842223367,46.83083978
679,Romania,2001,52.852,78.82,27.7780679987811,62.85804966,14.93,15.96,151.0,147,4.0,7.878068946,47.33751771
680,Romania,2002,52.78,96.58,27.823552442685,77.64548449,17.22,18.93,158.0,147,4.0,7.746460918,47.09031005
681,Romania,2003,52.912,143.55,27.8786692759296,119.24171218,21.71,24.3,159.0,147,4.0,8.187671242,46.31785364
682,Romania,2004,53.043,190.8,27.9373913043478,140.82470782,46.41,49.06,154.0,147,4.0,7.636170804,46.42081385
683,Romania,2005,53.174,254.53,28.0046090964432,203.05204028,47.09,50.41,142.0,147,4.0,8.429882487,48.24944716
684,Romania,2006,53.305,291.0,28.069397338899,230.73812349,58.17,59.75,134.0,147,4.0,8.873172049,47.13572576
685,Romania,2007,53.436,415.07,28.1451998782026,338.07742142,73.04,76.34,125.0,147,4.0,8.600535873,47.31250392
686,Romania,2008,53.567,521.32,28.2087864288821,422.75919666,94.79,98.33,121.0,147,4.0,8.534163531,48.28601004
687,Romania,2009,53.698,449.38,28.2539337564114,353.48690714,93.4,95.74,116.0,147,4.0,8.693652828,49.32731276
688,Romania,2010,53.829,472.21,28.3199304499022,377.25195694,92.7,94.58,105.0,147,4.0,9.038600049,48.45185632
689,Romania,2011,53.96,426.6,28.6405352565495,319.84833909,103.56,106.69,97.0,147,4.0,9.582215494,48.5111564
690,Romania,2012,53.974,401.67,28.9948004521346,308.7417069,90.09,92.93,92.0,147,4.0,9.837940017,48.32650483
691,Romania,2013,53.937,495.24,29.3291135938791,391.0020406,99.92,103.18,89.0,147,4.0,9.995332772,47.52192412
692,Romania,2014,53.9,503.35,29.6582406119611,397.05260531,102.25,106.08,85.0,147,4.0,10.09014815,48.67319524
693,Romania,2015,53.887,442.24,29.9937413073714,344.69443281,94.12,97.55,82.0,147,4.0,10.26221844,48.1967883
694,Romania,2016,53.9,476.25,30.1158292767733,372.34224337,98.84,103.9,74.0,147,4.0,10.26910319,46.68392223
695,Romania,2017,53.936,555.11,30.1158292767733,436.24340617,113.73,118.87,72.0,147,4.0,10.5604372,45.89978816
696,Romania,2018,53.998,687.15,30.1158292767733,547.59798255,133.7,139.56,68.0,147,4.0,10.80000785,44.60206237
697,Singapore,2000,100.0,792.43,25.3932835820895,287.91134664,381.78,504.51,49.0,153,4.0,12.82767926,40.9826054
698,Singapore,2001,100.0,689.15,25.5016417910448,192.16910049,383.1,496.98,43.0,153,4.0,15.6716544,38.60061169
699,Singapore,2002,100.0,744.08,25.4204444444444,233.10548572,395.01,510.97,42.0,153,4.0,14.07174401,38.53583316
700,Singapore,2003,100.0,833.35,25.0822416302766,308.96389771,403.83,524.39,43.0,153,4.0,11.77729285,35.11129438
701,Singapore,2004,100.0,848.58,25.1149492017417,275.48181931,432.84,573.1,38.0,153,4.0,13.11439347,37.16094366
702,Singapore,2005,100.0,892.43,25.2204644412192,294.3783755,446.17,598.05,36.0,153,4.0,12.70896064,34.79978737
703,Singapore,2006,100.0,972.2,25.1435158501441,329.77277675,474.77,642.42,34.0,153,4.0,13.50225363,33.29700794
704,Singapore,2007,100.0,,25.2119424460432,368.73861145,533.63,732.25,34.0,153,4.0,12.92017734,33.87580863
705,Singapore,2008,100.0,,25.1357142857143,476.95771747,593.96,801.53,37.0,153,4.0,12.59513008,35.47128163
706,Singapore,2009,100.0,,25.2395714285714,459.31326079,570.03,857.52,35.0,153,4.0,13.5912426,32.19562572
707,Singapore,2010,100.0,,25.2712250712251,533.66877828,616.65,953.71,35.0,153,4.0,10.86066324,29.93426678
708,Singapore,2011,100.0,,24.8389204545455,620.0058833,659.97,,36.0,153,4.0,12.06863325,28.67293814
709,Singapore,2012,100.0,,24.4090651558074,717.23405809,687.18,,49.0,153,4.0,12.46150458,29.44809981
710,Singapore,2013,100.0,,24.015558698727,862.96142919,748.41,,45.0,153,4.0,11.53512329,28.79837344
711,Singapore,2014,100.0,,23.5898448519041,985.5672293,728.67,,45.0,153,4.0,10.68379169,27.93028702
712,Singapore,2015,100.0,,23.2318758815233,1072.90054446,754.02,,44.0,153,4.0,11.29642799,26.46514285
713,Singapore,2016,100.0,,22.9696755994358,1160.35334489,800.52,,49.0,153,4.0,9.775780812,24.66771154
714,Singapore,2017,100.0,,22.626404494382,1254.59387809,834.59,,46.0,153,4.0,9.212601251,23.48322643
715,Slovenia,2000,50.754,796.65,61.2214498510427,568.7339825,105.74,227.91,21.0,164,4.0,10.55795668,52.55057189
716,Slovenia,2001,50.78,826.23,61.2909632571996,582.99421059,106.61,243.23,21.0,164,4.0,11.11018874,51.41977955
717,Slovenia,2002,50.857,944.87,61.3604766633565,684.36318078,118.63,260.51,20.0,164,4.0,11.86435207,48.83094133
718,Slovenia,2003,51.082,,61.4299900695134,865.82315476,150.22,337.24,16.0,164,4.0,12.37652134,49.76689538
719,Slovenia,2004,51.308,,61.4995034756703,985.27805596,166.55,383.37,14.0,164,4.0,11.02568714,50.84183728
720,Slovenia,2005,51.533,,61.5690168818272,1046.62709173,188.68,402.56,15.0,164,4.0,13.03511961,50.05714742
721,Slovenia,2006,51.758,,61.6385302879841,1106.02706354,189.29,435.64,12.0,164,4.0,12.07224427,48.73037488
722,Slovenia,2007,51.983,,61.708043694141,1261.46029192,244.81,534.5,12.0,164,4.0,12.96856539,49.08892303
723,Slovenia,2008,52.209,,61.7585450357884,1572.70827225,275.48,606.74,12.0,164,4.0,13.21202819,46.53722188
724,Slovenia,2009,52.433,,61.829264660624,1530.36863418,271.58,594.69,10.0,164,4.0,12.56415375,41.05182288
725,Slovenia,2010,52.658,,61.8975290625527,1459.7067523,254.97,557.44,9.4,164,4.0,13.16614831,44.04237446
726,Slovenia,2011,52.883,,61.9080710811079,1552.12779002,261.96,595.68,10.0,164,4.0,14.1697032,41.71188454
727,Slovenia,2012,53.108,,61.9189206629703,1399.20843817,246.07,575.65,7.4,164,4.0,14.41735393,40.2273718
728,Slovenia,2013,53.332,,61.9463753723932,1445.00848973,255.99,610.37,7.7,164,4.0,14.3459338,36.66416187
729,Slovenia,2014,53.557,,61.9563058589871,1454.48309368,267.77,607.9,7.9,164,4.0,15.75855709,38.21147197
730,Slovenia,2015,53.781,,61.9582377647374,1267.15569241,221.96,508.71,7.1,164,4.0,14.21825704,39.86998757
731,Slovenia,2016,54.02,,61.8592989772614,1326.77453475,220.29,508.63,6.5,164,4.0,15.31790261,38.06043639
732,Slovenia,2017,54.273,,61.7699782998396,1382.13995604,237.32,542.89,6.1,164,4.0,17.76848169,35.64855382
733,Slovenia,2018,54.541,,61.674380723466,1570.96801597,259.95,598.61,5.4,164,4.0,17.490145,32.67144865
734,Sweden,2000,84.026,,69.1388538853443,1835.81716272,314.3,337.38,5.4,165,4.0,13.29929605,20.81973635
735,Sweden,2001,84.071,,69.1167593043349,1771.09782397,363.91,384.76,5.1,165,4.0,14.29592116,20.53277826
736,Sweden,2002,84.133,,69.0946647233255,2030.52993443,405.99,428.57,4.8,165,4.0,14.03364787,20.18170107
737,Sweden,2003,84.196,,69.0725701423161,2585.50971793,493.96,524.69,5.1,165,4.0,13.81591444,20.56007803
738,Sweden,2004,84.258,,69.0504755613067,2884.40847771,567.94,603.76,5.5,165,4.0,15.35994088,20.13239703
739,Sweden,2005,84.319,,69.0283809802973,2919.44549154,590.17,628.19,6.8,165,4.0,15.76975492,20.89714284
740,Sweden,2006,84.43,,69.0062863992879,3101.05820071,622.86,664.34,6.2,165,4.0,15.35668357,19.85928328
741,Sweden,2007,84.588,,68.9841918182784,3556.70274403,704.17,753.62,5.8,165,4.0,15.73347703,18.57485655
742,Sweden,2008,84.746,,68.962097237269,3817.80721984,755.48,809.76,6.4,165,4.0,15.65529804,19.16439471
743,Sweden,2009,84.902,,68.9400026562596,3412.91843351,678.47,723.25,7.1,165,4.0,15.4518794,17.83268546
744,Sweden,2010,85.056,,68.9179080752502,3642.80125651,723.3,773.34,7.5,165,4.0,15.0487672,18.41774853
745,Sweden,2011,85.297,,68.8722459411641,5365.61673639,924.4,985.6,6.5,165,4.0,14.73393154,17.87402075
746,Sweden,2012,85.62,,68.826583807078,5267.27572329,926.28,987.17,7.1,165,4.0,14.40717413,17.23626233
747,Sweden,2013,85.936,,68.7809216729919,5626.71319062,999.92,,7.3,165,4.0,15.11962771,16.45993321
748,Sweden,2014,86.247,,68.7352595389057,5550.83227373,985.53,,7.5,165,4.0,15.1802461,15.79374376
749,Sweden,2015,86.553,,68.6944981353789,4700.70871748,834.36,897.97,9.1,165,4.0,14.40439139,15.33389337
750,Sweden,2016,86.852,,68.6944981353789,4786.71187504,823.24,894.01,8.1,165,4.0,14.3671001,15.25799549
751,Sweden,2017,87.146,,68.6944981353789,4944.98509252,822.34,892.79,5.6,165,4.0,14.47209802,14.81260302
752,Sweden,2018,87.431,,68.6944981353789,5091.37246796,838.24,913.69,5.4,165,4.0,13.60871957,13.71837971
753,Uruguay,2000,92.028,693.68,7.82196320420523,288.19807284,174.58,405.33,23.0,183,4.0,5.608301431,48.20561803
754,Uruguay,2001,92.303,673.93,8.02896811792938,302.6208672,162.17,371.17,24.0,183,4.0,6.03641404,47.79050547
755,Uruguay,2002,92.569,432.8,8.23597303165353,207.46177742,93.9,225.25,19.0,183,4.0,6.02959721,47.9349723
756,Uruguay,2003,92.828,380.19,8.44297794537767,199.09300462,81.2,180.84,22.0,183,4.0,6.969048706,47.82615516
757,Uruguay,2004,93.078,372.46,8.64998285910182,194.83590317,90.49,177.28,25.0,183,4.0,6.942507916,42.37408271
758,Uruguay,2005,93.319,441.0,8.85698777282596,199.22812725,114.4,241.77,22.0,183,4.0,6.364838673,44.97318068
759,Uruguay,2006,93.553,495.72,9.06399268655011,236.39301775,117.83,259.32,19.0,183,4.0,6.405878443,44.89881472
760,Uruguay,2007,93.779,572.52,9.27099760027425,277.86012684,133.76,294.66,21.0,183,4.0,7.690055837,43.69174788
761,Uruguay,2008,93.998,803.44,9.4780025139984,452.45628376,171.08,350.5,24.0,183,4.0,9.557257189,43.07685996
762,Uruguay,2009,94.209,817.64,9.68500742772255,485.12798484,169.67,332.18,24.0,183,4.0,7.569219531,44.09342223
763,Uruguay,2010,94.414,,9.89201234144669,619.61656321,211.41,412.61,24.0,183,4.0,9.036189269,43.33142275
764,Uruguay,2011,94.612,,10.1076448405896,757.60440988,239.39,474.01,28.0,183,4.0,8.867729422,40.75573835
765,Uruguay,2012,94.739,,10.3232773397326,855.90172373,246.09,476.46,28.0,183,4.0,9.077761925,38.58280527
766,Uruguay,2013,94.843,,10.5389098388756,997.08403079,265.53,503.13,30.0,183,4.0,9.621965999,39.57967771
767,Uruguay,2014,94.945,,10.7545423380185,1008.19157123,253.02,471.04,29.0,183,4.0,10.28981978,41.2258945
768,Uruguay,2015,95.045,,10.9701748371615,964.71774085,238.64,445.33,30.0,183,4.0,11.00721575,39.7167542
769,Uruguay,2016,95.144,,11.1244429208091,1011.29452669,239.12,442.96,30.0,183,4.0,12.07648357,38.01165852
770,Uruguay,2017,95.24,,11.2444292080905,1147.4230481,273.18,508.3,31.0,183,4.0,10.33744605,37.19747368
